{
  "name": "requirejs",
  "version": "2.1.22",
  "ignore": [],
  "homepage": "http://requirejs.org",
  "authors": [
    "jrburke.com"
  ],
  "description": "A file and module loader for JavaScript",
  "main": "require.js",
  "keywords": [
    "AMD"
  ],
  "license": [
    "BSD-3-Clause",
    "MIT"
  ],
  "_source": "nexus+http://nexus01dw.razvoj.gzaop.local:8091/repository/bower-all/requirejs",
  "_target": "~2.1.10",
  "_release": "2.1.22",
  "_originalSource": "requirejs"
}