﻿{
	"zajednicko": {
		"lblOdabirGodina": "Odaberite godinu",
		"comboOdabirGodina": [{"CODE":0, "LABEL":2019},{"CODE":1,"LABEL":2020}]
	},
	"godine": [{
		"godina": "2019",
		"kategorija": [],
		"prikazKategorija": false,
		"lblBrutoIsplaceno": "Isplaćeni bruto primici",
		"lblDoprinosUplaceno": "Uplaćeni doprinosi",
		"lblOsobniOdbitak": "Godišnji osobni odbitak",
		"lblMinimalniOsobniOdbitak": "Minimalni godišnji osobni odbitak iznosi",
		"lblPorezPrirezUplaceno": "Uplaćeni porez na dohodak i prirez porezu na dohodak",
		"lblPrirezGodisnjaStopa": "Godišnja stopa prireza",
		"btnIzracunaj": "Godišnji obračun poreza i prireza",
		"porezniRazredPostotak1": 0.24,
		"porezniRazredPostotak2": 0.36,
		"porezniRazred1Max": 360000,
		"minGodisnjiOdbitak": 45600,
		"minMjesecniOdbitak": 3800,
		"minMjesecniOdbitakZaKoef": 2500,
		"txtPovrat": " Prema informativnom izračunu ostvarujete pravo na povrat u iznosu od",
		"txtUplata": " Prema informativnom izračunu obvezni ste uplatiti iznos od",
		"txtNula": "Prema informativnom izračunu ne ostvarujete pravo na povrat te nemate obvezu uplate.",
		"txtInicijalno": "Molimo unesite vrijednosti u kalkulator kako biste vidjeli imate li pravo na povrat ili uplatu.",
		"txtOpis": "",
		"txtDisclaimer": "Obračun je informativnog karaktera i ne mora predstavljati stvarno stanje nastalo godišnjim obračunom.",
		"errMsg1": "Pogrešan unos.",
		"prirezGodisnjaStopa": [{
				"CODE": 0.08,
				"LABEL": "Andrijaševci (8%)"
			},
			{
				"CODE": 0.1,
				"LABEL": "Antunovac (10%)"
			},
			{
				"CODE": 0.05,
				"LABEL": "Babina Greda (5%)"
			},
			{
				"CODE": 0,
				"LABEL": "Bakar (0%)"
			},
			{
				"CODE": 0.01,
				"LABEL": "Bale (1%)"
			},
			{
				"CODE": 0.05,
				"LABEL": "Barban (5%)"
			},
			{
				"CODE": 0,
				"LABEL": "Barilovići (0%)"
			},
			{
				"CODE": 0,
				"LABEL": "Baška (0%)"
			},
			{
				"CODE": 0,
				"LABEL": "Baška Voda (0%)"
			},
			{
				"CODE": 0,
				"LABEL": "Bebrina (0%)"
			},
			{
				"CODE": 0,
				"LABEL": "Bedekovčina (0%)"
			},
			{
				"CODE": 0.03,
				"LABEL": "Bedenica (3%)"
			},
			{
				"CODE": 0.1,
				"LABEL": "Bednja (10%)"
			},
			{
				"CODE": 0.05,
				"LABEL": "Beli Manastir (5%)"
			},
			{
				"CODE": 0.01,
				"LABEL": "Belica (1%)"
			},
			{
				"CODE": 0.1,
				"LABEL": "Belišće (10%)"
			},
			{
				"CODE": 0.05,
				"LABEL": "Benkovac (5%)"
			},
			{
				"CODE": 0,
				"LABEL": "Berek (0%)"
			},
			{
				"CODE": 0.07,
				"LABEL": "Beretinec (7%)"
			},
			{
				"CODE": 0,
				"LABEL": "Bibinje (0%)"
			},
			{
				"CODE": 0.1,
				"LABEL": "Bilice (10%)"
			},
			{
				"CODE": 0.05,
				"LABEL": "Bilje (5%)"
			},
			{
				"CODE": 0.12,
				"LABEL": "Biograd Na Moru (12%)"
			},
			{
				"CODE": 0.04,
				"LABEL": "Biskupija (4%)"
			},
			{
				"CODE": 0.1,
				"LABEL": "Bistra (10%)"
			},
			{
				"CODE": 0.03,
				"LABEL": "Bizovac (3%)"
			},
			{
				"CODE": 0.12,
				"LABEL": "Bjelovar (12%)"
			},
			{
				"CODE": 0.1,
				"LABEL": "Bjelovar (10%)"
			},
			{
				"CODE": 0.1,
				"LABEL": "Blato (10%)"
			},
			{
				"CODE": 0,
				"LABEL": "Bogdanovci (0%)"
			},
			{
				"CODE": 0.1,
				"LABEL": "Bol (10%)"
			},
			{
				"CODE": 0.1,
				"LABEL": "Borovo (10%)"
			},
			{
				"CODE": 0,
				"LABEL": "Bosiljevo (0%)"
			},
			{
				"CODE": 0.05,
				"LABEL": "Bošnjaci (5%)"
			},
			{
				"CODE": 0.03,
				"LABEL": "Brckovljani (3%)"
			},
			{
				"CODE": 0.1,
				"LABEL": "Brdovec (10%)"
			},
			{
				"CODE": 0.05,
				"LABEL": "Brela (5%)"
			},
			{
				"CODE": 0.05,
				"LABEL": "Brestovac (5%)"
			},
			{
				"CODE": 0.1,
				"LABEL": "Breznica (10%)"
			},
			{
				"CODE": 0.03,
				"LABEL": "Breznički Hum (3%)"
			},
			{
				"CODE": 0.1,
				"LABEL": "Brinje (10%)"
			},
			{
				"CODE": 0,
				"LABEL": "Brod Moravice (0%)"
			},
			{
				"CODE": 0.1,
				"LABEL": "Brodski Stupnik (10%)"
			},
			{
				"CODE": 0,
				"LABEL": "Brtonigla (0%)"
			},
			{
				"CODE": 0,
				"LABEL": "Budinščina (0%)"
			},
			{
				"CODE": 0.06,
				"LABEL": "Buje (6%)"
			},
			{
				"CODE": 0.05,
				"LABEL": "Bukovlje (5%)"
			},
			{
				"CODE": 0.0583,
				"LABEL": "Bukovlje (5.83%)"
			},
			{
				"CODE": 0.06,
				"LABEL": "Buzet (6%)"
			},
			{
				"CODE": 0.05,
				"LABEL": "Cerna (5%)"
			},
			{
				"CODE": 0.1,
				"LABEL": "Cernik (10%)"
			},
			{
				"CODE": 0.02,
				"LABEL": "Cerovlje (2%)"
			},
			{
				"CODE": 0.1,
				"LABEL": "Cestica (10%)"
			},
			{
				"CODE": 0,
				"LABEL": "Cetingrad (0%)"
			},
			{
				"CODE": 0.03,
				"LABEL": "Cista Provo (3%)"
			},
			{
				"CODE": 0.05,
				"LABEL": "Civljane (5%)"
			},
			{
				"CODE": 0,
				"LABEL": "Cres (0%)"
			},
			{
				"CODE": 0.1,
				"LABEL": "Crikvenica (10%)"
			},
			{
				"CODE": 0,
				"LABEL": "Crnac (0%)"
			},
			{
				"CODE": 0.05,
				"LABEL": "Darda (5%)"
			},
			{
				"CODE": 0.1,
				"LABEL": "Daruvar (10%)"
			},
			{
				"CODE": 0.1,
				"LABEL": "Davor (10%)"
			},
			{
				"CODE": 0,
				"LABEL": "Dekanovec (0%)"
			},
			{
				"CODE": 0.05,
				"LABEL": "Delnice (5%)"
			},
			{
				"CODE": 0,
				"LABEL": "Desinić (0%)"
			},
			{
				"CODE": 0.05,
				"LABEL": "Dežanovac (5%)"
			},
			{
				"CODE": 0.08,
				"LABEL": "Dicmo (8%)"
			},
			{
				"CODE": 0,
				"LABEL": "Dobrinj (0%)"
			},
			{
				"CODE": 0,
				"LABEL": "Domašinec (0%)"
			},
			{
				"CODE": 0,
				"LABEL": "Donja Dubrava (0%)"
			},
			{
				"CODE": 0,
				"LABEL": "Donja Motičina (0%)"
			},
			{
				"CODE": 0.1,
				"LABEL": "Donja Stubica (10%)"
			},
			{
				"CODE": 0.1,
				"LABEL": "Donja Voća (10%)"
			},
			{
				"CODE": 0.08,
				"LABEL": "Donji Andrijevci (8%)"
			},
			{
				"CODE": 0,
				"LABEL": "Donji Kraljevec (0%)"
			},
			{
				"CODE": 0.06,
				"LABEL": "Donji Kukuruzari (6%)"
			},
			{
				"CODE": 0.05,
				"LABEL": "Donji Lapac (5%)"
			},
			{
				"CODE": 0.05,
				"LABEL": "Donji Martijanec (5%)"
			},
			{
				"CODE": 0.08,
				"LABEL": "Donji Miholjac (8%)"
			},
			{
				"CODE": 0,
				"LABEL": "Donji Vidovec (0%)"
			},
			{
				"CODE": 0.1,
				"LABEL": "Dragalić (10%)"
			},
			{
				"CODE": 0,
				"LABEL": "Draganić (0%)"
			},
			{
				"CODE": 0.02,
				"LABEL": "Draž (2%)"
			},
			{
				"CODE": 0,
				"LABEL": "Drenje (0%)"
			},
			{
				"CODE": 0.05,
				"LABEL": "Drenovci (5%)"
			},
			{
				"CODE": 0.05,
				"LABEL": "Drniš (5%)"
			},
			{
				"CODE": 0,
				"LABEL": "Drnje (0%)"
			},
			{
				"CODE": 0.06,
				"LABEL": "Dubrava (6%)"
			},
			{
				"CODE": 0.1,
				"LABEL": "Dubravica (10%)"
			},
			{
				"CODE": 0.1,
				"LABEL": "Dubrovačko Primorje (10%)"
			},
			{
				"CODE": 0.1,
				"LABEL": "Dubrovnik (10%)"
			},
			{
				"CODE": 0.1,
				"LABEL": "Duga Resa (10%)"
			},
			{
				"CODE": 0,
				"LABEL": "Dugi Rat (0%)"
			},
			{
				"CODE": 0.09,
				"LABEL": "Dugo Selo (9%)"
			},
			{
				"CODE": 0.08,
				"LABEL": "Dugopolje (8%)"
			},
			{
				"CODE": 0.05,
				"LABEL": "Dvor (5%)"
			},
			{
				"CODE": 0.05,
				"LABEL": "Erdut (5%)"
			},
			{
				"CODE": 0.1,
				"LABEL": "Ernestinovo (10%)"
			},
			{
				"CODE": 0.03,
				"LABEL": "Ervenik (3%)"
			},
			{
				"CODE": 0.03,
				"LABEL": "Farkaševac (3%)"
			},
			{
				"CODE": 0.03,
				"LABEL": "Fažana (3%)"
			},
			{
				"CODE": 0,
				"LABEL": "Ferdinandovac (0%)"
			},
			{
				"CODE": 0.1,
				"LABEL": "Feričanci (10%)"
			},
			{
				"CODE": 0,
				"LABEL": "Funtana (0%)"
			},
			{
				"CODE": 0.05,
				"LABEL": "Fužine (5%)"
			},
			{
				"CODE": 0,
				"LABEL": "Galovac (0%)"
			},
			{
				"CODE": 0.1,
				"LABEL": "Garešnica (10%)"
			},
			{
				"CODE": 0.1,
				"LABEL": "Garčin (10%)"
			},
			{
				"CODE": 0,
				"LABEL": "Generalski Stol (0%)"
			},
			{
				"CODE": 0,
				"LABEL": "Glina (0%)"
			},
			{
				"CODE": 0,
				"LABEL": "Gola (0%)"
			},
			{
				"CODE": 0,
				"LABEL": "Goričan (0%)"
			},
			{
				"CODE": 0,
				"LABEL": "Gorjani (0%)"
			},
			{
				"CODE": 0,
				"LABEL": "Gornja Rijeka (0%)"
			},
			{
				"CODE": 0,
				"LABEL": "Gornja Stubica (0%)"
			},
			{
				"CODE": 0,
				"LABEL": "Gornja Vrba (0%)"
			},
			{
				"CODE": 0.05,
				"LABEL": "Gornji Bogićevci (5%)"
			},
			{
				"CODE": 0.1,
				"LABEL": "Gornji Kneginec (10%)"
			},
			{
				"CODE": 0,
				"LABEL": "Gornji Mihaljevec (0%)"
			},
			{
				"CODE": 0.1,
				"LABEL": "Gospić (10%)"
			},
			{
				"CODE": 0.18,
				"LABEL": "Grad Zagreb (18%)"
			},
			{
				"CODE": 0,
				"LABEL": "Gradac (0%)"
			},
			{
				"CODE": 0.05,
				"LABEL": "Gradec (5%)"
			},
			{
				"CODE": 0,
				"LABEL": "Gradina (0%)"
			},
			{
				"CODE": 0,
				"LABEL": "Gradište (0%)"
			},
			{
				"CODE": 0.07,
				"LABEL": "Gračac (7%)"
			},
			{
				"CODE": 0.05,
				"LABEL": "Gračišće (5%)"
			},
			{
				"CODE": 0,
				"LABEL": "Grožnjan (0%)"
			},
			{
				"CODE": 0.1,
				"LABEL": "Grubišno Polje (10%)"
			},
			{
				"CODE": 0,
				"LABEL": "Gundinci (0%)"
			},
			{
				"CODE": 0.05,
				"LABEL": "Gunja (5%)"
			},
			{
				"CODE": 0,
				"LABEL": "Gvozd (0%)"
			},
			{
				"CODE": 0,
				"LABEL": "Hercegovac (0%)"
			},
			{
				"CODE": 0,
				"LABEL": "Hlebine (0%)"
			},
			{
				"CODE": 0.05,
				"LABEL": "Hrašćina (5%)"
			},
			{
				"CODE": 0.1,
				"LABEL": "Hrvace (10%)"
			},
			{
				"CODE": 0.03,
				"LABEL": "Hrvatska Dubica (3%)"
			},
			{
				"CODE": 0.06,
				"LABEL": "Hrvatska Kostajnica (6%)"
			},
			{
				"CODE": 0,
				"LABEL": "Hum Na Sutli (0%)"
			},
			{
				"CODE": 0,
				"LABEL": "Hvar (0%)"
			},
			{
				"CODE": 0.05,
				"LABEL": "Ilok (5%)"
			},
			{
				"CODE": 0.025,
				"LABEL": "Ilok (2.5%)"
			},
			{
				"CODE": 0.12,
				"LABEL": "Imotski (12%)"
			},
			{
				"CODE": 0.1,
				"LABEL": "Ivanec (10%)"
			},
			{
				"CODE": 0.06,
				"LABEL": "Ivanić-Grad (6%)"
			},
			{
				"CODE": 0.1,
				"LABEL": "Ivankovo (10%)"
			},
			{
				"CODE": 0,
				"LABEL": "Ivanska (0%)"
			},
			{
				"CODE": 0.03,
				"LABEL": "Jagodnjak (3%)"
			},
			{
				"CODE": 0.05,
				"LABEL": "Jakovlje (5%)"
			},
			{
				"CODE": 0.1,
				"LABEL": "Jakšić (10%)"
			},
			{
				"CODE": 0,
				"LABEL": "Jalžabet (0%)"
			},
			{
				"CODE": 0,
				"LABEL": "Janjina (0%)"
			},
			{
				"CODE": 0,
				"LABEL": "Jarmina (0%)"
			},
			{
				"CODE": 0,
				"LABEL": "Jasenice (0%)"
			},
			{
				"CODE": 0,
				"LABEL": "Jasenovac (0%)"
			},
			{
				"CODE": 0.09,
				"LABEL": "Jastrebarsko (9%)"
			},
			{
				"CODE": 0,
				"LABEL": "Jelenje (0%)"
			},
			{
				"CODE": 0.1,
				"LABEL": "Jelsa (10%)"
			},
			{
				"CODE": 0,
				"LABEL": "Jesenje (0%)"
			},
			{
				"CODE": 0,
				"LABEL": "Josipdol (0%)"
			},
			{
				"CODE": 0,
				"LABEL": "Kali (0%)"
			},
			{
				"CODE": 0,
				"LABEL": "Kalinovac (0%)"
			},
			{
				"CODE": 0,
				"LABEL": "Kalnik (0%)"
			},
			{
				"CODE": 0.1,
				"LABEL": "Kamanje (10%)"
			},
			{
				"CODE": 0.05,
				"LABEL": "Kanfanar (5%)"
			},
			{
				"CODE": 0.08,
				"LABEL": "Kapela (8%)"
			},
			{
				"CODE": 0.1,
				"LABEL": "Kaptol (10%)"
			},
			{
				"CODE": 0,
				"LABEL": "Karlobag (0%)"
			},
			{
				"CODE": 0.12,
				"LABEL": "Karlovac (12%)"
			},
			{
				"CODE": 0.05,
				"LABEL": "Karojba (5%)"
			},
			{
				"CODE": 0,
				"LABEL": "Kastav (0%)"
			},
			{
				"CODE": 0.12,
				"LABEL": "Kaštela (12%)"
			},
			{
				"CODE": 0.05,
				"LABEL": "Kaštelir - Labinci (5%)"
			},
			{
				"CODE": 0.05,
				"LABEL": "Kijevo (5%)"
			},
			{
				"CODE": 0.03,
				"LABEL": "Kistanje (3%)"
			},
			{
				"CODE": 0,
				"LABEL": "Klakar (0%)"
			},
			{
				"CODE": 0,
				"LABEL": "Klana (0%)"
			},
			{
				"CODE": 0.12,
				"LABEL": "Klanjec (12%)"
			},
			{
				"CODE": 0.07,
				"LABEL": "Klenovnik (7%)"
			},
			{
				"CODE": 0.1,
				"LABEL": "Klinča Sela (10%)"
			},
			{
				"CODE": 0.1,
				"LABEL": "Klis (10%)"
			},
			{
				"CODE": 0.02,
				"LABEL": "Kloštar Ivanić (2%)"
			},
			{
				"CODE": 0.05,
				"LABEL": "Kloštar Podravski (5%)"
			},
			{
				"CODE": 0.05,
				"LABEL": "Kneževi Vinogradi (5%)"
			},
			{
				"CODE": 0.1,
				"LABEL": "Knin (10%)"
			},
			{
				"CODE": 0,
				"LABEL": "Kolan (0%)"
			},
			{
				"CODE": 0.05,
				"LABEL": "Komiža (5%)"
			},
			{
				"CODE": 0.1,
				"LABEL": "Konavle (10%)"
			},
			{
				"CODE": 0.1,
				"LABEL": "Konjščina (10%)"
			},
			{
				"CODE": 0.05,
				"LABEL": "Končanica (5%)"
			},
			{
				"CODE": 0,
				"LABEL": "Koprivnica (0%)"
			},
			{
				"CODE": 0,
				"LABEL": "Koprivnički Bregi (0%)"
			},
			{
				"CODE": 0,
				"LABEL": "Koprivnički Ivanec (0%)"
			},
			{
				"CODE": 0.06,
				"LABEL": "Korčula (6%)"
			},
			{
				"CODE": 0,
				"LABEL": "Kostrena (0%)"
			},
			{
				"CODE": 0,
				"LABEL": "Kotoriba (0%)"
			},
			{
				"CODE": 0,
				"LABEL": "Koška (0%)"
			},
			{
				"CODE": 0,
				"LABEL": "Kraljevec Na Sutli (0%)"
			},
			{
				"CODE": 0.05,
				"LABEL": "Kraljevica (5%)"
			},
			{
				"CODE": 0,
				"LABEL": "Krapina (0%)"
			},
			{
				"CODE": 0,
				"LABEL": "Krapinske Toplice (0%)"
			},
			{
				"CODE": 0.05,
				"LABEL": "Kravarsko (5%)"
			},
			{
				"CODE": 0.06,
				"LABEL": "Krašić (6%)"
			},
			{
				"CODE": 0.02,
				"LABEL": "Križ (2%)"
			},
			{
				"CODE": 0.1,
				"LABEL": "Križevci (10%)"
			},
			{
				"CODE": 0,
				"LABEL": "Krk (0%)"
			},
			{
				"CODE": 0.08,
				"LABEL": "Krnjak (8%)"
			},
			{
				"CODE": 0,
				"LABEL": "Kršan (0%)"
			},
			{
				"CODE": 0,
				"LABEL": "Kukljica (0%)"
			},
			{
				"CODE": 0.1,
				"LABEL": "Kula Norinska (10%)"
			},
			{
				"CODE": 0,
				"LABEL": "Kumrovec (0%)"
			},
			{
				"CODE": 0.12,
				"LABEL": "Kutina (12%)"
			},
			{
				"CODE": 0,
				"LABEL": "Kutjevo (0%)"
			},
			{
				"CODE": 0.06,
				"LABEL": "Labin (6%)"
			},
			{
				"CODE": 0.05,
				"LABEL": "Lanišće (5%)"
			},
			{
				"CODE": 0.1,
				"LABEL": "Lasinja (10%)"
			},
			{
				"CODE": 0.1,
				"LABEL": "Lastovo (10%)"
			},
			{
				"CODE": 0,
				"LABEL": "Legrad (0%)"
			},
			{
				"CODE": 0,
				"LABEL": "Lekenik (0%)"
			},
			{
				"CODE": 0.08,
				"LABEL": "Lepoglava (8%)"
			},
			{
				"CODE": 0,
				"LABEL": "Levanjska Varoš (0%)"
			},
			{
				"CODE": 0,
				"LABEL": "Lećevica (0%)"
			},
			{
				"CODE": 0.1,
				"LABEL": "Lipik (10%)"
			},
			{
				"CODE": 0.06,
				"LABEL": "Lipovljani (6%)"
			},
			{
				"CODE": 0.06,
				"LABEL": "Lišane Ostrovičke (6%)"
			},
			{
				"CODE": 0.05,
				"LABEL": "Ližnjan (5%)"
			},
			{
				"CODE": 0.1,
				"LABEL": "Ljubešćica (10%)"
			},
			{
				"CODE": 0,
				"LABEL": "Lobor (0%)"
			},
			{
				"CODE": 0,
				"LABEL": "Lokve (0%)"
			},
			{
				"CODE": 0.07,
				"LABEL": "Lokvičići (7%)"
			},
			{
				"CODE": 0,
				"LABEL": "Lopar (0%)"
			},
			{
				"CODE": 0.05,
				"LABEL": "Lovas (5%)"
			},
			{
				"CODE": 0.08,
				"LABEL": "Lovinac (8%)"
			},
			{
				"CODE": 0,
				"LABEL": "Lovran (0%)"
			},
			{
				"CODE": 0,
				"LABEL": "Lovreć (0%)"
			},
			{
				"CODE": 0.12,
				"LABEL": "Ludbreg (12%)"
			},
			{
				"CODE": 0.05,
				"LABEL": "Luka (5%)"
			},
			{
				"CODE": 0.08,
				"LABEL": "Lukač (8%)"
			},
			{
				"CODE": 0.05,
				"LABEL": "Lumbarda (5%)"
			},
			{
				"CODE": 0.01,
				"LABEL": "Lupoglav (1%)"
			},
			{
				"CODE": 0.02,
				"LABEL": "Magadenovac (2%)"
			},
			{
				"CODE": 0.05,
				"LABEL": "Majur (5%)"
			},
			{
				"CODE": 0.1,
				"LABEL": "Makarska (10%)"
			},
			{
				"CODE": 0,
				"LABEL": "Mala Subotica (0%)"
			},
			{
				"CODE": 0.1,
				"LABEL": "Mali Bukovec (10%)"
			},
			{
				"CODE": 0,
				"LABEL": "Mali Lošinj (0%)"
			},
			{
				"CODE": 0,
				"LABEL": "Malinska-Dubašnica (0%)"
			},
			{
				"CODE": 0,
				"LABEL": "Marija Bistrica (0%)"
			},
			{
				"CODE": 0.1,
				"LABEL": "Marija Gorica (10%)"
			},
			{
				"CODE": 0.05,
				"LABEL": "Marijanci (5%)"
			},
			{
				"CODE": 0,
				"LABEL": "Marina (0%)"
			},
			{
				"CODE": 0.05,
				"LABEL": "Markušica (5%)"
			},
			{
				"CODE": 0,
				"LABEL": "Martinska Ves (0%)"
			},
			{
				"CODE": 0.05,
				"LABEL": "Maruševec (5%)"
			},
			{
				"CODE": 0.05,
				"LABEL": "Marčana (5%)"
			},
			{
				"CODE": 0.1,
				"LABEL": "Matulji (10%)"
			},
			{
				"CODE": 0,
				"LABEL": "Mače (0%)"
			},
			{
				"CODE": 0.05,
				"LABEL": "Medulin (5%)"
			},
			{
				"CODE": 0.1,
				"LABEL": "Metković (10%)"
			},
			{
				"CODE": 0,
				"LABEL": "Mihovljan (0%)"
			},
			{
				"CODE": 0,
				"LABEL": "Mikleuš (0%)"
			},
			{
				"CODE": 0.03,
				"LABEL": "Milna (3%)"
			},
			{
				"CODE": 0.1,
				"LABEL": "Mljet (10%)"
			},
			{
				"CODE": 0,
				"LABEL": "Molve (0%)"
			},
			{
				"CODE": 0.01,
				"LABEL": "Motovun (1%)"
			},
			{
				"CODE": 0,
				"LABEL": "Mošćenička Draga (0%)"
			},
			{
				"CODE": 0.07,
				"LABEL": "Mrkopalj (7%)"
			},
			{
				"CODE": 0,
				"LABEL": "Mursko Središće (0%)"
			},
			{
				"CODE": 0.08,
				"LABEL": "Murter (8%)"
			},
			{
				"CODE": 0.07,
				"LABEL": "Muć (7%)"
			},
			{
				"CODE": 0.08,
				"LABEL": "Našice (8%)"
			},
			{
				"CODE": 0,
				"LABEL": "Nedelišće (0%)"
			},
			{
				"CODE": 0.05,
				"LABEL": "Negoslavci (5%)"
			},
			{
				"CODE": 0,
				"LABEL": "Nerežišća (0%)"
			},
			{
				"CODE": 0,
				"LABEL": "Netretić (0%)"
			},
			{
				"CODE": 0,
				"LABEL": "Nijemci (0%)"
			},
			{
				"CODE": 0,
				"LABEL": "Nin (0%)"
			},
			{
				"CODE": 0,
				"LABEL": "Nova Bukovica (0%)"
			},
			{
				"CODE": 0.12,
				"LABEL": "Nova Gradiška (12%)"
			},
			{
				"CODE": 0.1,
				"LABEL": "Nova Kapela (10%)"
			},
			{
				"CODE": 0,
				"LABEL": "Nova Rača (0%)"
			},
			{
				"CODE": 0,
				"LABEL": "Novalja (0%)"
			},
			{
				"CODE": 0,
				"LABEL": "Novi Golubovec (0%)"
			},
			{
				"CODE": 0.1,
				"LABEL": "Novi Marof (10%)"
			},
			{
				"CODE": 0.07,
				"LABEL": "Novi Vinodolski (7%)"
			},
			{
				"CODE": 0,
				"LABEL": "Novigrad (0%)"
			},
			{
				"CODE": 0,
				"LABEL": "Novigrad (0%)"
			},
			{
				"CODE": 0,
				"LABEL": "Novigrad Podravski (0%)"
			},
			{
				"CODE": 0,
				"LABEL": "Novo Virje (0%)"
			},
			{
				"CODE": 0.1,
				"LABEL": "Novska (10%)"
			},
			{
				"CODE": 0.06,
				"LABEL": "Nuštar (6%)"
			},
			{
				"CODE": 0,
				"LABEL": "Obrovac (0%)"
			},
			{
				"CODE": 0.1,
				"LABEL": "Ogulin (10%)"
			},
			{
				"CODE": 0.075,
				"LABEL": "Ogulin (7.5%)"
			},
			{
				"CODE": 0,
				"LABEL": "Okrug (0%)"
			},
			{
				"CODE": 0.1,
				"LABEL": "Okučani (10%)"
			},
			{
				"CODE": 0.08,
				"LABEL": "Omiš (8%)"
			},
			{
				"CODE": 0,
				"LABEL": "Omišalj (0%)"
			},
			{
				"CODE": 0.075,
				"LABEL": "Opatija (7.5%)"
			},
			{
				"CODE": 0,
				"LABEL": "Oprisavci (0%)"
			},
			{
				"CODE": 0,
				"LABEL": "Oprtalj (0%)"
			},
			{
				"CODE": 0.1,
				"LABEL": "Opuzen (10%)"
			},
			{
				"CODE": 0,
				"LABEL": "Orahovica (0%)"
			},
			{
				"CODE": 0,
				"LABEL": "Orebić (0%)"
			},
			{
				"CODE": 0,
				"LABEL": "Orehovica (0%)"
			},
			{
				"CODE": 0,
				"LABEL": "Oriovac (0%)"
			},
			{
				"CODE": 0.05,
				"LABEL": "Orle (5%)"
			},
			{
				"CODE": 0,
				"LABEL": "Oroslavje (0%)"
			},
			{
				"CODE": 0.13,
				"LABEL": "Osijek (13%)"
			},
			{
				"CODE": 0.1,
				"LABEL": "Otok (10%)"
			},
			{
				"CODE": 0.0875,
				"LABEL": "Otok (8.75%)"
			},
			{
				"CODE": 0.1,
				"LABEL": "Otok (Vinkovci) (10%)"
			},
			{
				"CODE": 0.09,
				"LABEL": "Otočac (9%)"
			},
			{
				"CODE": 0.1,
				"LABEL": "Ozalj (10%)"
			},
			{
				"CODE": 0,
				"LABEL": "Pag (0%)"
			},
			{
				"CODE": 0,
				"LABEL": "Pakoštane (0%)"
			},
			{
				"CODE": 0.1,
				"LABEL": "Pakrac (10%)"
			},
			{
				"CODE": 0.09,
				"LABEL": "Pazin (9%)"
			},
			{
				"CODE": 0,
				"LABEL": "Pašman (0%)"
			},
			{
				"CODE": 0.08,
				"LABEL": "Perušić (8%)"
			},
			{
				"CODE": 0,
				"LABEL": "Peteranec (0%)"
			},
			{
				"CODE": 0.05,
				"LABEL": "Petlovac (5%)"
			},
			{
				"CODE": 0.05,
				"LABEL": "Petrijanec (5%)"
			},
			{
				"CODE": 0.05,
				"LABEL": "Petrijevci (5%)"
			},
			{
				"CODE": 0.1,
				"LABEL": "Petrinja (10%)"
			},
			{
				"CODE": 0,
				"LABEL": "Petrovsko (0%)"
			},
			{
				"CODE": 0.06,
				"LABEL": "Pirovac (6%)"
			},
			{
				"CODE": 0.06,
				"LABEL": "Pisarovina (6%)"
			},
			{
				"CODE": 0,
				"LABEL": "Pitomača (0%)"
			},
			{
				"CODE": 0.02,
				"LABEL": "Pićan (2%)"
			},
			{
				"CODE": 0,
				"LABEL": "Plaški (0%)"
			},
			{
				"CODE": 0.1,
				"LABEL": "Pleternica (10%)"
			},
			{
				"CODE": 0.08,
				"LABEL": "Plitvicka Jezera (8%)"
			},
			{
				"CODE": 0.1,
				"LABEL": "Ploče (10%)"
			},
			{
				"CODE": 0.06,
				"LABEL": "Podbablje (6%)"
			},
			{
				"CODE": 0.05,
				"LABEL": "Podcrkavlje (5%)"
			},
			{
				"CODE": 0.1,
				"LABEL": "Podgora (10%)"
			},
			{
				"CODE": 0.05,
				"LABEL": "Podgorač (5%)"
			},
			{
				"CODE": 0,
				"LABEL": "Podravska Moslavina (0%)"
			},
			{
				"CODE": 0,
				"LABEL": "Podravske Sesvete (0%)"
			},
			{
				"CODE": 0.1,
				"LABEL": "Podstrana (10%)"
			},
			{
				"CODE": 0,
				"LABEL": "Podturen (0%)"
			},
			{
				"CODE": 0,
				"LABEL": "Pojezerje (0%)"
			},
			{
				"CODE": 0.05,
				"LABEL": "Pokupsko (5%)"
			},
			{
				"CODE": 0.1,
				"LABEL": "Polača (10%)"
			},
			{
				"CODE": 0,
				"LABEL": "Poličnik (0%)"
			},
			{
				"CODE": 0.03,
				"LABEL": "Popovac (3%)"
			},
			{
				"CODE": 0.06,
				"LABEL": "Popovača (6%)"
			},
			{
				"CODE": 0,
				"LABEL": "Poreč (0%)"
			},
			{
				"CODE": 0,
				"LABEL": "Posedarje (0%)"
			},
			{
				"CODE": 0,
				"LABEL": "Postira (0%)"
			},
			{
				"CODE": 0,
				"LABEL": "Povljana (0%)"
			},
			{
				"CODE": 0.1,
				"LABEL": "Požega (10%)"
			},
			{
				"CODE": 0.1,
				"LABEL": "Pregrada (10%)"
			},
			{
				"CODE": 0,
				"LABEL": "Preko (0%)"
			},
			{
				"CODE": 0,
				"LABEL": "Prelog (0%)"
			},
			{
				"CODE": 0.05,
				"LABEL": "Preseka (5%)"
			},
			{
				"CODE": 0,
				"LABEL": "Prgomet (0%)"
			},
			{
				"CODE": 0,
				"LABEL": "Pribislavec (0%)"
			},
			{
				"CODE": 0,
				"LABEL": "Primorski Dolac (0%)"
			},
			{
				"CODE": 0.1,
				"LABEL": "Primošten (10%)"
			},
			{
				"CODE": 0,
				"LABEL": "Privlaka (0%)"
			},
			{
				"CODE": 0,
				"LABEL": "Privlaka (0%)"
			},
			{
				"CODE": 0.05,
				"LABEL": "Proložac (5%)"
			},
			{
				"CODE": 0.05,
				"LABEL": "Promina (5%)"
			},
			{
				"CODE": 0.12,
				"LABEL": "Pula (12%)"
			},
			{
				"CODE": 0,
				"LABEL": "Punat (0%)"
			},
			{
				"CODE": 0,
				"LABEL": "Punitovci (0%)"
			},
			{
				"CODE": 0.05,
				"LABEL": "Pučišća (5%)"
			},
			{
				"CODE": 0.1,
				"LABEL": "Pušća (10%)"
			},
			{
				"CODE": 0,
				"LABEL": "Rab (0%)"
			},
			{
				"CODE": 0.08,
				"LABEL": "Radoboj (8%)"
			},
			{
				"CODE": 0.03,
				"LABEL": "Rakovec (3%)"
			},
			{
				"CODE": 0.08,
				"LABEL": "Rakovica (8%)"
			},
			{
				"CODE": 0,
				"LABEL": "Rasinja (0%)"
			},
			{
				"CODE": 0.075,
				"LABEL": "Ravna Gora (7.5%)"
			},
			{
				"CODE": 0.06,
				"LABEL": "Raša (6%)"
			},
			{
				"CODE": 0,
				"LABEL": "Ražanac (0%)"
			},
			{
				"CODE": 0.1,
				"LABEL": "Rešetari (10%)"
			},
			{
				"CODE": 0.05,
				"LABEL": "Ribnik (5%)"
			},
			{
				"CODE": 0.15,
				"LABEL": "Rijeka (15%)"
			},
			{
				"CODE": 0,
				"LABEL": "Rogoznica (0%)"
			},
			{
				"CODE": 0.06,
				"LABEL": "Rovinj (6%)"
			},
			{
				"CODE": 0,
				"LABEL": "Rovišće (0%)"
			},
			{
				"CODE": 0.06,
				"LABEL": "Rugvica (6%)"
			},
			{
				"CODE": 0.06,
				"LABEL": "Runovići (6%)"
			},
			{
				"CODE": 0.05,
				"LABEL": "Ružić (5%)"
			},
			{
				"CODE": 0,
				"LABEL": "Saborsko (0%)"
			},
			{
				"CODE": 0,
				"LABEL": "Sali (0%)"
			},
			{
				"CODE": 0,
				"LABEL": "Samobor (0%)"
			},
			{
				"CODE": 0,
				"LABEL": "Satnica Đakovačka (0%)"
			},
			{
				"CODE": 0,
				"LABEL": "Seget (0%)"
			},
			{
				"CODE": 0,
				"LABEL": "Selca (0%)"
			},
			{
				"CODE": 0,
				"LABEL": "Selnica (0%)"
			},
			{
				"CODE": 0,
				"LABEL": "Semeljci (0%)"
			},
			{
				"CODE": 0.1,
				"LABEL": "Senj (10%)"
			},
			{
				"CODE": 0,
				"LABEL": "Severin (0%)"
			},
			{
				"CODE": 0.1,
				"LABEL": "Sibinj (10%)"
			},
			{
				"CODE": 0,
				"LABEL": "Sikirevci (0%)"
			},
			{
				"CODE": 0.08,
				"LABEL": "Sinj (8%)"
			},
			{
				"CODE": 0,
				"LABEL": "Sirač (0%)"
			},
			{
				"CODE": 0.1,
				"LABEL": "Sisak (10%)"
			},
			{
				"CODE": 0,
				"LABEL": "Skrad (0%)"
			},
			{
				"CODE": 0.05,
				"LABEL": "Skradin (5%)"
			},
			{
				"CODE": 0.06,
				"LABEL": "Slatina (6%)"
			},
			{
				"CODE": 0.12,
				"LABEL": "Slavonski Brod (12%)"
			},
			{
				"CODE": 0,
				"LABEL": "Slavonski Šamac (0%)"
			},
			{
				"CODE": 0,
				"LABEL": "Slivno (0%)"
			},
			{
				"CODE": 0.05,
				"LABEL": "Slunj (5%)"
			},
			{
				"CODE": 0,
				"LABEL": "Smokvica (0%)"
			},
			{
				"CODE": 0,
				"LABEL": "Sokolovac (0%)"
			},
			{
				"CODE": 0.1,
				"LABEL": "Solin (10%)"
			},
			{
				"CODE": 0,
				"LABEL": "Sopje (0%)"
			},
			{
				"CODE": 0.15,
				"LABEL": "Split (15%)"
			},
			{
				"CODE": 0.05,
				"LABEL": "Sračinec (5%)"
			},
			{
				"CODE": 0,
				"LABEL": "Stankovci (0%)"
			},
			{
				"CODE": 0.05,
				"LABEL": "Stara Gradiška (5%)"
			},
			{
				"CODE": 0.1,
				"LABEL": "Stari Grad (10%)"
			},
			{
				"CODE": 0,
				"LABEL": "Stari Jankovci (0%)"
			},
			{
				"CODE": 0.1,
				"LABEL": "Stari Mikanovci (10%)"
			},
			{
				"CODE": 0,
				"LABEL": "Starigrad (0%)"
			},
			{
				"CODE": 0.1,
				"LABEL": "Staro Petrovo Selo (10%)"
			},
			{
				"CODE": 0,
				"LABEL": "Ston (0%)"
			},
			{
				"CODE": 0,
				"LABEL": "Strahoninec (0%)"
			},
			{
				"CODE": 0,
				"LABEL": "Strizivojna (0%)"
			},
			{
				"CODE": 0,
				"LABEL": "Stubičke Toplice (0%)"
			},
			{
				"CODE": 0.06,
				"LABEL": "Stupnik (6%)"
			},
			{
				"CODE": 0,
				"LABEL": "Suhopolje (0%)"
			},
			{
				"CODE": 0,
				"LABEL": "Sukošan (0%)"
			},
			{
				"CODE": 0,
				"LABEL": "Sunja (0%)"
			},
			{
				"CODE": 0.1,
				"LABEL": "Supetar (10%)"
			},
			{
				"CODE": 0.1,
				"LABEL": "Sutivan (10%)"
			},
			{
				"CODE": 0,
				"LABEL": "Sućuraj (0%)"
			},
			{
				"CODE": 0,
				"LABEL": "Sveta Marija (0%)"
			},
			{
				"CODE": 0.06,
				"LABEL": "Sveta Nedelja (6%)"
			},
			{
				"CODE": 0,
				"LABEL": "Sveta Nedelja (0%)"
			},
			{
				"CODE": 0.1,
				"LABEL": "Sveti Filip I Jakov (10%)"
			},
			{
				"CODE": 0.1,
				"LABEL": "Sveti Ilija (10%)"
			},
			{
				"CODE": 0.12,
				"LABEL": "Sveti Ivan Zelina (12%)"
			},
			{
				"CODE": 0,
				"LABEL": "Sveti Ivan Žabno (0%)"
			},
			{
				"CODE": 0,
				"LABEL": "Sveti Juraj Na Bregu (0%)"
			},
			{
				"CODE": 0,
				"LABEL": "Sveti Križ Začretje (0%)"
			},
			{
				"CODE": 0.05,
				"LABEL": "Sveti Lovreč (5%)"
			},
			{
				"CODE": 0,
				"LABEL": "Sveti Martin Na Muri (0%)"
			},
			{
				"CODE": 0,
				"LABEL": "Sveti Petar Orehovec (0%)"
			},
			{
				"CODE": 0.07,
				"LABEL": "Sveti Petar U Šumi (7%)"
			},
			{
				"CODE": 0.05,
				"LABEL": "Sveti Đurđ (5%)"
			},
			{
				"CODE": 0.05,
				"LABEL": "Svetvincenat (5%)"
			},
			{
				"CODE": 0,
				"LABEL": "Tar Vabriga (0%)"
			},
			{
				"CODE": 0.05,
				"LABEL": "Tinjan (5%)"
			},
			{
				"CODE": 0.09,
				"LABEL": "Tisno (9%)"
			},
			{
				"CODE": 0,
				"LABEL": "Tkon (0%)"
			},
			{
				"CODE": 0,
				"LABEL": "Tompojevci (0%)"
			},
			{
				"CODE": 0,
				"LABEL": "Topusko (0%)"
			},
			{
				"CODE": 0.05,
				"LABEL": "Tordinci (5%)"
			},
			{
				"CODE": 0,
				"LABEL": "Tounj (0%)"
			},
			{
				"CODE": 0,
				"LABEL": "Tovarnik (0%)"
			},
			{
				"CODE": 0.06,
				"LABEL": "Tribunj (6%)"
			},
			{
				"CODE": 0,
				"LABEL": "Trilj (0%)"
			},
			{
				"CODE": 0,
				"LABEL": "Trnava (0%)"
			},
			{
				"CODE": 0.03,
				"LABEL": "Trnovec Bartolovečki (3%)"
			},
			{
				"CODE": 0.0667,
				"LABEL": "Trnovec Bartolovečki (6.67%)"
			},
			{
				"CODE": 0.08,
				"LABEL": "Trogir (8%)"
			},
			{
				"CODE": 0.1,
				"LABEL": "Trpanj (10%)"
			},
			{
				"CODE": 0,
				"LABEL": "Trpinja (0%)"
			},
			{
				"CODE": 0,
				"LABEL": "Tuhelj (0%)"
			},
			{
				"CODE": 0.1,
				"LABEL": "Tučepi (10%)"
			},
			{
				"CODE": 0.05,
				"LABEL": "Udbina (5%)"
			},
			{
				"CODE": 0.06,
				"LABEL": "Umag (6%)"
			},
			{
				"CODE": 0.05,
				"LABEL": "Unešić (5%)"
			},
			{
				"CODE": 0.08,
				"LABEL": "Valpovo (8%)"
			},
			{
				"CODE": 0.1,
				"LABEL": "Varaždin (10%)"
			},
			{
				"CODE": 0.1,
				"LABEL": "Varaždinske Toplice (10%)"
			},
			{
				"CODE": 0.09,
				"LABEL": "Vela Luka (9%)"
			},
			{
				"CODE": 0,
				"LABEL": "Velika (0%)"
			},
			{
				"CODE": 0.12,
				"LABEL": "Velika Gorica (12%)"
			},
			{
				"CODE": 0.07,
				"LABEL": "Velika Kopanica (7%)"
			},
			{
				"CODE": 0,
				"LABEL": "Velika Ludina (0%)"
			},
			{
				"CODE": 0,
				"LABEL": "Velika Pisanica (0%)"
			},
			{
				"CODE": 0,
				"LABEL": "Velika Trnovitica (0%)"
			},
			{
				"CODE": 0.1,
				"LABEL": "Veliki Bukovec (10%)"
			},
			{
				"CODE": 0.0625,
				"LABEL": "Veliki Bukovec (6.25%)"
			},
			{
				"CODE": 0,
				"LABEL": "Veliki Grđevac (0%)"
			},
			{
				"CODE": 0.075,
				"LABEL": "Veliko Trgovišće (7.5%)"
			},
			{
				"CODE": 0,
				"LABEL": "Veliko Trojstvo (0%)"
			},
			{
				"CODE": 0.1,
				"LABEL": "Vidovec (10%)"
			},
			{
				"CODE": 0,
				"LABEL": "Viljevo (0%)"
			},
			{
				"CODE": 0.05,
				"LABEL": "Vinica (5%)"
			},
			{
				"CODE": 0.13,
				"LABEL": "Vinkovci (13%)"
			},
			{
				"CODE": 0,
				"LABEL": "Vinodolska Opcina (0%)"
			},
			{
				"CODE": 0,
				"LABEL": "Vir (0%)"
			},
			{
				"CODE": 0,
				"LABEL": "Virje (0%)"
			},
			{
				"CODE": 0.1,
				"LABEL": "Virovitica (10%)"
			},
			{
				"CODE": 0.03,
				"LABEL": "Vis (3%)"
			},
			{
				"CODE": 0.1,
				"LABEL": "Visoko (10%)"
			},
			{
				"CODE": 0,
				"LABEL": "Viškovci (0%)"
			},
			{
				"CODE": 0,
				"LABEL": "Viškovo (0%)"
			},
			{
				"CODE": 0.05,
				"LABEL": "Višnjan (5%)"
			},
			{
				"CODE": 0.03,
				"LABEL": "Vižinada (3%)"
			},
			{
				"CODE": 0.1,
				"LABEL": "Vladislavci (10%)"
			},
			{
				"CODE": 0.06,
				"LABEL": "Vodice (6%)"
			},
			{
				"CODE": 0.075,
				"LABEL": "Vodnjan (7.5%)"
			},
			{
				"CODE": 0.075,
				"LABEL": "Vojnić (7.5%)"
			},
			{
				"CODE": 0,
				"LABEL": "Voćin (0%)"
			},
			{
				"CODE": 0.1,
				"LABEL": "Vođinci (10%)"
			},
			{
				"CODE": 0,
				"LABEL": "Vratišinec (0%)"
			},
			{
				"CODE": 0.05,
				"LABEL": "Vrbanja (5%)"
			},
			{
				"CODE": 0.03,
				"LABEL": "Vrbje (3%)"
			},
			{
				"CODE": 0,
				"LABEL": "Vrbnik (0%)"
			},
			{
				"CODE": 0.12,
				"LABEL": "Vrbovec (12%)"
			},
			{
				"CODE": 0.1,
				"LABEL": "Vrbovsko (10%)"
			},
			{
				"CODE": 0.1,
				"LABEL": "Vrgorac (10%)"
			},
			{
				"CODE": 0.05,
				"LABEL": "Vrhovine (5%)"
			},
			{
				"CODE": 0.07,
				"LABEL": "Vrlika (7%)"
			},
			{
				"CODE": 0,
				"LABEL": "Vrpolje (0%)"
			},
			{
				"CODE": 0,
				"LABEL": "Vrsar (0%)"
			},
			{
				"CODE": 0,
				"LABEL": "Vrsi (0%)"
			},
			{
				"CODE": 0,
				"LABEL": "Vuka (0%)"
			},
			{
				"CODE": 0,
				"LABEL": "Vukovar (0%)"
			},
			{
				"CODE": 0,
				"LABEL": "Zabok (0%)"
			},
			{
				"CODE": 0.12,
				"LABEL": "Zadar (12%)"
			},
			{
				"CODE": 0.01,
				"LABEL": "Zadvarje (1%)"
			},
			{
				"CODE": 0,
				"LABEL": "Zagorska Sela (0%)"
			},
			{
				"CODE": 0.06,
				"LABEL": "Zagvozd (6%)"
			},
			{
				"CODE": 0.12,
				"LABEL": "Zaprešić (12%)"
			},
			{
				"CODE": 0,
				"LABEL": "Zažablje (0%)"
			},
			{
				"CODE": 0,
				"LABEL": "Zdenci (0%)"
			},
			{
				"CODE": 0,
				"LABEL": "Zemunik Donji (0%)"
			},
			{
				"CODE": 0.1,
				"LABEL": "Zlatar (10%)"
			},
			{
				"CODE": 0.05,
				"LABEL": "Zlatar Bistrica (5%)"
			},
			{
				"CODE": 0.08,
				"LABEL": "Zmijavci (8%)"
			},
			{
				"CODE": 0,
				"LABEL": "Zrinski Topolovac (0%)"
			},
			{
				"CODE": 0.05,
				"LABEL": "Čabar (5%)"
			},
			{
				"CODE": 0.05,
				"LABEL": "Čaglin (5%)"
			},
			{
				"CODE": 0.1,
				"LABEL": "Čakovec (10%)"
			},
			{
				"CODE": 0,
				"LABEL": "Čavle (0%)"
			},
			{
				"CODE": 0.1,
				"LABEL": "Čazma (10%)"
			},
			{
				"CODE": 0,
				"LABEL": "Čačinci (0%)"
			},
			{
				"CODE": 0,
				"LABEL": "Čađavica (0%)"
			},
			{
				"CODE": 0.1,
				"LABEL": "Čeminac (10%)"
			},
			{
				"CODE": 0.1,
				"LABEL": "Čepin (10%)"
			},
			{
				"CODE": 0.1,
				"LABEL": "Đakovo (10%)"
			},
			{
				"CODE": 0,
				"LABEL": "Đelekovec (0%)"
			},
			{
				"CODE": 0,
				"LABEL": "Đulovac (0%)"
			},
			{
				"CODE": 0,
				"LABEL": "Đurmanec (0%)"
			},
			{
				"CODE": 0.1,
				"LABEL": "Đurđenovac (10%)"
			},
			{
				"CODE": 0,
				"LABEL": "Đurđevac (0%)"
			},
			{
				"CODE": 0,
				"LABEL": "Šandrovac (0%)"
			},
			{
				"CODE": 0,
				"LABEL": "Šenkovec (0%)"
			},
			{
				"CODE": 0,
				"LABEL": "Šestanovac (0%)"
			},
			{
				"CODE": 0.1,
				"LABEL": "Šibenik (10%)"
			},
			{
				"CODE": 0.1,
				"LABEL": "Škabrnja (10%)"
			},
			{
				"CODE": 0,
				"LABEL": "Šodolovci (0%)"
			},
			{
				"CODE": 0,
				"LABEL": "Šolta (0%)"
			},
			{
				"CODE": 0.09,
				"LABEL": "Špišic Bukovica (9%)"
			},
			{
				"CODE": 0.08,
				"LABEL": "Štefanje (8%)"
			},
			{
				"CODE": 0.0333,
				"LABEL": "Štefanje (3.33%)"
			},
			{
				"CODE": 0.05,
				"LABEL": "Štitar (5%)"
			},
			{
				"CODE": 0,
				"LABEL": "Štrigova (0%)"
			},
			{
				"CODE": 0,
				"LABEL": "Žakanje (0%)"
			},
			{
				"CODE": 0.05,
				"LABEL": "Žminj (5%)"
			},
			{
				"CODE": 0.03,
				"LABEL": "Žumberak (3%)"
			},
			{
				"CODE": 0.1,
				"LABEL": "Župa Dubrovačka (10%)"
			},
			{
				"CODE": 0.12,
				"LABEL": "Županja (12%)"
			}
		]
	},
	{
		"godina": "2020",
		"prikazKategorija": true,
		"kategorija": [
			{"CODE": "1", "LABEL": " Do 25 godina", "postotak": 0},
			{"CODE": "2", "LABEL": "26-30 godina", "postotak": 0.5},
			{"CODE": "3", "LABEL": "Bez izračuna za mlade", "postotak": 1}
		],
		"lblOdabirGodina": "Odaberite godinu",
		"lblOdabirKategorija": "Dob osobe za izračun",
		"lblBrutoIsplaceno": "Isplaćeni bruto primici",
		"lblDoprinosUplaceno": "Uplaćeni doprinosi",
		"lblOsobniOdbitak": "Godišnji osobni odbitak",
		"lblMinimalniOsobniOdbitak": "Minimalni godišnji osobni odbitak iznosi",
		"lblPorezPrirezUplaceno": "Uplaćeni porez na dohodak i prirez porezu na dohodak",
		"lblPrirezGodisnjaStopa": "Godišnja stopa prireza",
		"btnIzracunaj": "Godišnji obračun poreza i prireza",
		"porezniRazredPostotak1": 0.24,
		"porezniRazredPostotak2": 0.36,
		"porezniRazred1Max": 360000,
		"minGodisnjiOdbitak": 48000,
		"minMjesecniOdbitak": 4000,
		"minMjesecniOdbitakZaKoef": 2500,
		"txtPovrat": " Prema informativnom izračunu ostvarujete pravo na povrat u iznosu od",
		"txtUplata": " Prema informativnom izračunu obvezni ste uplatiti iznos od",
		"txtNula": "Prema informativnom izračunu ne ostvarujete pravo na povrat te nemate obvezu uplate.",
		"txtInicijalno": "Molimo unesite vrijednosti u kalkulator kako biste vidjeli imate li pravo na povrat ili uplatu.",
		"txtOpis": "",
		"txtDisclaimer": "Obračun je informativnog karaktera i ne mora predstavljati stvarno stanje nastalo godišnjim obračunom.",
		"errMsg1": "Pogrešan unos.",
		"prirezGodisnjaStopa": [{
				"CODE": 0.08,
				"LABEL": "Andrijaševci (8%)"
			},
			{
				"CODE": 0.1,
				"LABEL": "Antunovac (10%)"
			},
			{
				"CODE": 0.05,
				"LABEL": "Babina Greda (5%)"
			},
			{
				"CODE": 0,
				"LABEL": "Bakar (0%)"
			},
			{
				"CODE": 0.01,
				"LABEL": "Bale (1%)"
			},
			{
				"CODE": 0.05,
				"LABEL": "Barban (5%)"
			},
			{
				"CODE": 0,
				"LABEL": "Barilovići (0%)"
			},
			{
				"CODE": 0,
				"LABEL": "Baška (0%)"
			},
			{
				"CODE": 0,
				"LABEL": "Baška Voda (0%)"
			},
			{
				"CODE": 0,
				"LABEL": "Bebrina (0%)"
			},
			{
				"CODE": 0,
				"LABEL": "Bedekovčina (0%)"
			},
			{
				"CODE": 0.03,
				"LABEL": "Bedenica (3%)"
			},
			{
				"CODE": 0.1,
				"LABEL": "Bednja (10%)"
			},
			{
				"CODE": 0.05,
				"LABEL": "Beli Manastir (5%)"
			},
			{
				"CODE": 0.01,
				"LABEL": "Belica (1%)"
			},
			{
				"CODE": 0.1,
				"LABEL": "Belišće (10%)"
			},
			{
				"CODE": 0.05,
				"LABEL": "Benkovac (5%)"
			},
			{
				"CODE": 0,
				"LABEL": "Berek (0%)"
			},
			{
				"CODE": 0.07,
				"LABEL": "Beretinec (7%)"
			},
			{
				"CODE": 0,
				"LABEL": "Bibinje (0%)"
			},
			{
				"CODE": 0.1,
				"LABEL": "Bilice (10%)"
			},
			{
				"CODE": 0.05,
				"LABEL": "Bilje (5%)"
			},
			{
				"CODE": 0.12,
				"LABEL": "Biograd Na Moru (12%)"
			},
			{
				"CODE": 0.04,
				"LABEL": "Biskupija (4%)"
			},
			{
				"CODE": 0.1,
				"LABEL": "Bistra (10%)"
			},
			{
				"CODE": 0.03,
				"LABEL": "Bizovac (3%)"
			},
			{
				"CODE": 0.12,
				"LABEL": "Bjelovar (12%)"
			},
			{
				"CODE": 0.1,
				"LABEL": "Bjelovar (10%)"
			},
			{
				"CODE": 0.1,
				"LABEL": "Blato (10%)"
			},
			{
				"CODE": 0,
				"LABEL": "Bogdanovci (0%)"
			},
			{
				"CODE": 0.1,
				"LABEL": "Bol (10%)"
			},
			{
				"CODE": 0.1,
				"LABEL": "Borovo (10%)"
			},
			{
				"CODE": 0,
				"LABEL": "Bosiljevo (0%)"
			},
			{
				"CODE": 0.05,
				"LABEL": "Bošnjaci (5%)"
			},
			{
				"CODE": 0.03,
				"LABEL": "Brckovljani (3%)"
			},
			{
				"CODE": 0.1,
				"LABEL": "Brdovec (10%)"
			},
			{
				"CODE": 0.05,
				"LABEL": "Brela (5%)"
			},
			{
				"CODE": 0.05,
				"LABEL": "Brestovac (5%)"
			},
			{
				"CODE": 0.1,
				"LABEL": "Breznica (10%)"
			},
			{
				"CODE": 0.03,
				"LABEL": "Breznički Hum (3%)"
			},
			{
				"CODE": 0.1,
				"LABEL": "Brinje (10%)"
			},
			{
				"CODE": 0,
				"LABEL": "Brod Moravice (0%)"
			},
			{
				"CODE": 0.1,
				"LABEL": "Brodski Stupnik (10%)"
			},
			{
				"CODE": 0,
				"LABEL": "Brtonigla (0%)"
			},
			{
				"CODE": 0,
				"LABEL": "Budinščina (0%)"
			},
			{
				"CODE": 0.06,
				"LABEL": "Buje (6%)"
			},
			{
				"CODE": 0.05,
				"LABEL": "Bukovlje (5%)"
			},
			{
				"CODE": 0.0583,
				"LABEL": "Bukovlje (5.83%)"
			},
			{
				"CODE": 0.06,
				"LABEL": "Buzet (6%)"
			},
			{
				"CODE": 0.05,
				"LABEL": "Cerna (5%)"
			},
			{
				"CODE": 0.1,
				"LABEL": "Cernik (10%)"
			},
			{
				"CODE": 0.02,
				"LABEL": "Cerovlje (2%)"
			},
			{
				"CODE": 0.1,
				"LABEL": "Cestica (10%)"
			},
			{
				"CODE": 0,
				"LABEL": "Cetingrad (0%)"
			},
			{
				"CODE": 0.03,
				"LABEL": "Cista Provo (3%)"
			},
			{
				"CODE": 0.05,
				"LABEL": "Civljane (5%)"
			},
			{
				"CODE": 0,
				"LABEL": "Cres (0%)"
			},
			{
				"CODE": 0.1,
				"LABEL": "Crikvenica (10%)"
			},
			{
				"CODE": 0,
				"LABEL": "Crnac (0%)"
			},
			{
				"CODE": 0.05,
				"LABEL": "Darda (5%)"
			},
			{
				"CODE": 0.1,
				"LABEL": "Daruvar (10%)"
			},
			{
				"CODE": 0.1,
				"LABEL": "Davor (10%)"
			},
			{
				"CODE": 0,
				"LABEL": "Dekanovec (0%)"
			},
			{
				"CODE": 0.05,
				"LABEL": "Delnice (5%)"
			},
			{
				"CODE": 0,
				"LABEL": "Desinić (0%)"
			},
			{
				"CODE": 0.05,
				"LABEL": "Dežanovac (5%)"
			},
			{
				"CODE": 0.08,
				"LABEL": "Dicmo (8%)"
			},
			{
				"CODE": 0,
				"LABEL": "Dobrinj (0%)"
			},
			{
				"CODE": 0,
				"LABEL": "Domašinec (0%)"
			},
			{
				"CODE": 0,
				"LABEL": "Donja Dubrava (0%)"
			},
			{
				"CODE": 0,
				"LABEL": "Donja Motičina (0%)"
			},
			{
				"CODE": 0.1,
				"LABEL": "Donja Stubica (10%)"
			},
			{
				"CODE": 0.1,
				"LABEL": "Donja Voća (10%)"
			},
			{
				"CODE": 0.08,
				"LABEL": "Donji Andrijevci (8%)"
			},
			{
				"CODE": 0,
				"LABEL": "Donji Kraljevec (0%)"
			},
			{
				"CODE": 0.06,
				"LABEL": "Donji Kukuruzari (6%)"
			},
			{
				"CODE": 0.05,
				"LABEL": "Donji Lapac (5%)"
			},
			{
				"CODE": 0.05,
				"LABEL": "Donji Martijanec (5%)"
			},
			{
				"CODE": 0.08,
				"LABEL": "Donji Miholjac (8%)"
			},
			{
				"CODE": 0,
				"LABEL": "Donji Vidovec (0%)"
			},
			{
				"CODE": 0.1,
				"LABEL": "Dragalić (10%)"
			},
			{
				"CODE": 0,
				"LABEL": "Draganić (0%)"
			},
			{
				"CODE": 0.02,
				"LABEL": "Draž (2%)"
			},
			{
				"CODE": 0,
				"LABEL": "Drenje (0%)"
			},
			{
				"CODE": 0.05,
				"LABEL": "Drenovci (5%)"
			},
			{
				"CODE": 0.05,
				"LABEL": "Drniš (5%)"
			},
			{
				"CODE": 0,
				"LABEL": "Drnje (0%)"
			},
			{
				"CODE": 0.06,
				"LABEL": "Dubrava (6%)"
			},
			{
				"CODE": 0.1,
				"LABEL": "Dubravica (10%)"
			},
			{
				"CODE": 0.1,
				"LABEL": "Dubrovačko Primorje (10%)"
			},
			{
				"CODE": 0.1,
				"LABEL": "Dubrovnik (10%)"
			},
			{
				"CODE": 0.1,
				"LABEL": "Duga Resa (10%)"
			},
			{
				"CODE": 0,
				"LABEL": "Dugi Rat (0%)"
			},
			{
				"CODE": 0.09,
				"LABEL": "Dugo Selo (9%)"
			},
			{
				"CODE": 0.08,
				"LABEL": "Dugopolje (8%)"
			},
			{
				"CODE": 0.05,
				"LABEL": "Dvor (5%)"
			},
			{
				"CODE": 0.05,
				"LABEL": "Erdut (5%)"
			},
			{
				"CODE": 0.1,
				"LABEL": "Ernestinovo (10%)"
			},
			{
				"CODE": 0.03,
				"LABEL": "Ervenik (3%)"
			},
			{
				"CODE": 0.03,
				"LABEL": "Farkaševac (3%)"
			},
			{
				"CODE": 0.03,
				"LABEL": "Fažana (3%)"
			},
			{
				"CODE": 0,
				"LABEL": "Ferdinandovac (0%)"
			},
			{
				"CODE": 0.1,
				"LABEL": "Feričanci (10%)"
			},
			{
				"CODE": 0,
				"LABEL": "Funtana (0%)"
			},
			{
				"CODE": 0.05,
				"LABEL": "Fužine (5%)"
			},
			{
				"CODE": 0,
				"LABEL": "Galovac (0%)"
			},
			{
				"CODE": 0.1,
				"LABEL": "Garešnica (10%)"
			},
			{
				"CODE": 0.1,
				"LABEL": "Garčin (10%)"
			},
			{
				"CODE": 0,
				"LABEL": "Generalski Stol (0%)"
			},
			{
				"CODE": 0,
				"LABEL": "Glina (0%)"
			},
			{
				"CODE": 0,
				"LABEL": "Gola (0%)"
			},
			{
				"CODE": 0,
				"LABEL": "Goričan (0%)"
			},
			{
				"CODE": 0,
				"LABEL": "Gorjani (0%)"
			},
			{
				"CODE": 0,
				"LABEL": "Gornja Rijeka (0%)"
			},
			{
				"CODE": 0,
				"LABEL": "Gornja Stubica (0%)"
			},
			{
				"CODE": 0,
				"LABEL": "Gornja Vrba (0%)"
			},
			{
				"CODE": 0.05,
				"LABEL": "Gornji Bogićevci (5%)"
			},
			{
				"CODE": 0.1,
				"LABEL": "Gornji Kneginec (10%)"
			},
			{
				"CODE": 0,
				"LABEL": "Gornji Mihaljevec (0%)"
			},
			{
				"CODE": 0.1,
				"LABEL": "Gospić (10%)"
			},
			{
				"CODE": 0.18,
				"LABEL": "Grad Zagreb (18%)"
			},
			{
				"CODE": 0,
				"LABEL": "Gradac (0%)"
			},
			{
				"CODE": 0.05,
				"LABEL": "Gradec (5%)"
			},
			{
				"CODE": 0,
				"LABEL": "Gradina (0%)"
			},
			{
				"CODE": 0,
				"LABEL": "Gradište (0%)"
			},
			{
				"CODE": 0.07,
				"LABEL": "Gračac (7%)"
			},
			{
				"CODE": 0.05,
				"LABEL": "Gračišće (5%)"
			},
			{
				"CODE": 0,
				"LABEL": "Grožnjan (0%)"
			},
			{
				"CODE": 0.1,
				"LABEL": "Grubišno Polje (10%)"
			},
			{
				"CODE": 0,
				"LABEL": "Gundinci (0%)"
			},
			{
				"CODE": 0.05,
				"LABEL": "Gunja (5%)"
			},
			{
				"CODE": 0,
				"LABEL": "Gvozd (0%)"
			},
			{
				"CODE": 0,
				"LABEL": "Hercegovac (0%)"
			},
			{
				"CODE": 0,
				"LABEL": "Hlebine (0%)"
			},
			{
				"CODE": 0.05,
				"LABEL": "Hrašćina (5%)"
			},
			{
				"CODE": 0.1,
				"LABEL": "Hrvace (10%)"
			},
			{
				"CODE": 0.03,
				"LABEL": "Hrvatska Dubica (3%)"
			},
			{
				"CODE": 0.06,
				"LABEL": "Hrvatska Kostajnica (6%)"
			},
			{
				"CODE": 0,
				"LABEL": "Hum Na Sutli (0%)"
			},
			{
				"CODE": 0,
				"LABEL": "Hvar (0%)"
			},
			{
				"CODE": 0.05,
				"LABEL": "Ilok (5%)"
			},
			{
				"CODE": 0.025,
				"LABEL": "Ilok (2.5%)"
			},
			{
				"CODE": 0.12,
				"LABEL": "Imotski (12%)"
			},
			{
				"CODE": 0.1,
				"LABEL": "Ivanec (10%)"
			},
			{
				"CODE": 0.06,
				"LABEL": "Ivanić-Grad (6%)"
			},
			{
				"CODE": 0.1,
				"LABEL": "Ivankovo (10%)"
			},
			{
				"CODE": 0,
				"LABEL": "Ivanska (0%)"
			},
			{
				"CODE": 0.03,
				"LABEL": "Jagodnjak (3%)"
			},
			{
				"CODE": 0.05,
				"LABEL": "Jakovlje (5%)"
			},
			{
				"CODE": 0.1,
				"LABEL": "Jakšić (10%)"
			},
			{
				"CODE": 0,
				"LABEL": "Jalžabet (0%)"
			},
			{
				"CODE": 0,
				"LABEL": "Janjina (0%)"
			},
			{
				"CODE": 0,
				"LABEL": "Jarmina (0%)"
			},
			{
				"CODE": 0,
				"LABEL": "Jasenice (0%)"
			},
			{
				"CODE": 0,
				"LABEL": "Jasenovac (0%)"
			},
			{
				"CODE": 0.09,
				"LABEL": "Jastrebarsko (9%)"
			},
			{
				"CODE": 0,
				"LABEL": "Jelenje (0%)"
			},
			{
				"CODE": 0.1,
				"LABEL": "Jelsa (10%)"
			},
			{
				"CODE": 0,
				"LABEL": "Jesenje (0%)"
			},
			{
				"CODE": 0,
				"LABEL": "Josipdol (0%)"
			},
			{
				"CODE": 0,
				"LABEL": "Kali (0%)"
			},
			{
				"CODE": 0,
				"LABEL": "Kalinovac (0%)"
			},
			{
				"CODE": 0,
				"LABEL": "Kalnik (0%)"
			},
			{
				"CODE": 0.1,
				"LABEL": "Kamanje (10%)"
			},
			{
				"CODE": 0.05,
				"LABEL": "Kanfanar (5%)"
			},
			{
				"CODE": 0.08,
				"LABEL": "Kapela (8%)"
			},
			{
				"CODE": 0.1,
				"LABEL": "Kaptol (10%)"
			},
			{
				"CODE": 0,
				"LABEL": "Karlobag (0%)"
			},
			{
				"CODE": 0.12,
				"LABEL": "Karlovac (12%)"
			},
			{
				"CODE": 0.05,
				"LABEL": "Karojba (5%)"
			},
			{
				"CODE": 0,
				"LABEL": "Kastav (0%)"
			},
			{
				"CODE": 0.12,
				"LABEL": "Kaštela (12%)"
			},
			{
				"CODE": 0.05,
				"LABEL": "Kaštelir - Labinci (5%)"
			},
			{
				"CODE": 0.05,
				"LABEL": "Kijevo (5%)"
			},
			{
				"CODE": 0.03,
				"LABEL": "Kistanje (3%)"
			},
			{
				"CODE": 0,
				"LABEL": "Klakar (0%)"
			},
			{
				"CODE": 0,
				"LABEL": "Klana (0%)"
			},
			{
				"CODE": 0.12,
				"LABEL": "Klanjec (12%)"
			},
			{
				"CODE": 0.07,
				"LABEL": "Klenovnik (7%)"
			},
			{
				"CODE": 0.1,
				"LABEL": "Klinča Sela (10%)"
			},
			{
				"CODE": 0.1,
				"LABEL": "Klis (10%)"
			},
			{
				"CODE": 0.02,
				"LABEL": "Kloštar Ivanić (2%)"
			},
			{
				"CODE": 0.05,
				"LABEL": "Kloštar Podravski (5%)"
			},
			{
				"CODE": 0.05,
				"LABEL": "Kneževi Vinogradi (5%)"
			},
			{
				"CODE": 0.1,
				"LABEL": "Knin (10%)"
			},
			{
				"CODE": 0,
				"LABEL": "Kolan (0%)"
			},
			{
				"CODE": 0.05,
				"LABEL": "Komiža (5%)"
			},
			{
				"CODE": 0.1,
				"LABEL": "Konavle (10%)"
			},
			{
				"CODE": 0.1,
				"LABEL": "Konjščina (10%)"
			},
			{
				"CODE": 0.05,
				"LABEL": "Končanica (5%)"
			},
			{
				"CODE": 0,
				"LABEL": "Koprivnica (0%)"
			},
			{
				"CODE": 0,
				"LABEL": "Koprivnički Bregi (0%)"
			},
			{
				"CODE": 0,
				"LABEL": "Koprivnički Ivanec (0%)"
			},
			{
				"CODE": 0.06,
				"LABEL": "Korčula (6%)"
			},
			{
				"CODE": 0,
				"LABEL": "Kostrena (0%)"
			},
			{
				"CODE": 0,
				"LABEL": "Kotoriba (0%)"
			},
			{
				"CODE": 0,
				"LABEL": "Koška (0%)"
			},
			{
				"CODE": 0,
				"LABEL": "Kraljevec Na Sutli (0%)"
			},
			{
				"CODE": 0.05,
				"LABEL": "Kraljevica (5%)"
			},
			{
				"CODE": 0,
				"LABEL": "Krapina (0%)"
			},
			{
				"CODE": 0,
				"LABEL": "Krapinske Toplice (0%)"
			},
			{
				"CODE": 0.05,
				"LABEL": "Kravarsko (5%)"
			},
			{
				"CODE": 0.06,
				"LABEL": "Krašić (6%)"
			},
			{
				"CODE": 0.02,
				"LABEL": "Križ (2%)"
			},
			{
				"CODE": 0.1,
				"LABEL": "Križevci (10%)"
			},
			{
				"CODE": 0,
				"LABEL": "Krk (0%)"
			},
			{
				"CODE": 0.08,
				"LABEL": "Krnjak (8%)"
			},
			{
				"CODE": 0,
				"LABEL": "Kršan (0%)"
			},
			{
				"CODE": 0,
				"LABEL": "Kukljica (0%)"
			},
			{
				"CODE": 0.1,
				"LABEL": "Kula Norinska (10%)"
			},
			{
				"CODE": 0,
				"LABEL": "Kumrovec (0%)"
			},
			{
				"CODE": 0.12,
				"LABEL": "Kutina (12%)"
			},
			{
				"CODE": 0,
				"LABEL": "Kutjevo (0%)"
			},
			{
				"CODE": 0.06,
				"LABEL": "Labin (6%)"
			},
			{
				"CODE": 0.05,
				"LABEL": "Lanišće (5%)"
			},
			{
				"CODE": 0.1,
				"LABEL": "Lasinja (10%)"
			},
			{
				"CODE": 0.1,
				"LABEL": "Lastovo (10%)"
			},
			{
				"CODE": 0,
				"LABEL": "Legrad (0%)"
			},
			{
				"CODE": 0,
				"LABEL": "Lekenik (0%)"
			},
			{
				"CODE": 0.08,
				"LABEL": "Lepoglava (8%)"
			},
			{
				"CODE": 0,
				"LABEL": "Levanjska Varoš (0%)"
			},
			{
				"CODE": 0,
				"LABEL": "Lećevica (0%)"
			},
			{
				"CODE": 0.1,
				"LABEL": "Lipik (10%)"
			},
			{
				"CODE": 0.06,
				"LABEL": "Lipovljani (6%)"
			},
			{
				"CODE": 0.06,
				"LABEL": "Lišane Ostrovičke (6%)"
			},
			{
				"CODE": 0.05,
				"LABEL": "Ližnjan (5%)"
			},
			{
				"CODE": 0.1,
				"LABEL": "Ljubešćica (10%)"
			},
			{
				"CODE": 0,
				"LABEL": "Lobor (0%)"
			},
			{
				"CODE": 0,
				"LABEL": "Lokve (0%)"
			},
			{
				"CODE": 0.07,
				"LABEL": "Lokvičići (7%)"
			},
			{
				"CODE": 0,
				"LABEL": "Lopar (0%)"
			},
			{
				"CODE": 0.05,
				"LABEL": "Lovas (5%)"
			},
			{
				"CODE": 0.08,
				"LABEL": "Lovinac (8%)"
			},
			{
				"CODE": 0,
				"LABEL": "Lovran (0%)"
			},
			{
				"CODE": 0,
				"LABEL": "Lovreć (0%)"
			},
			{
				"CODE": 0.12,
				"LABEL": "Ludbreg (12%)"
			},
			{
				"CODE": 0.05,
				"LABEL": "Luka (5%)"
			},
			{
				"CODE": 0.08,
				"LABEL": "Lukač (8%)"
			},
			{
				"CODE": 0.05,
				"LABEL": "Lumbarda (5%)"
			},
			{
				"CODE": 0.01,
				"LABEL": "Lupoglav (1%)"
			},
			{
				"CODE": 0.02,
				"LABEL": "Magadenovac (2%)"
			},
			{
				"CODE": 0.05,
				"LABEL": "Majur (5%)"
			},
			{
				"CODE": 0.1,
				"LABEL": "Makarska (10%)"
			},
			{
				"CODE": 0,
				"LABEL": "Mala Subotica (0%)"
			},
			{
				"CODE": 0.1,
				"LABEL": "Mali Bukovec (10%)"
			},
			{
				"CODE": 0,
				"LABEL": "Mali Lošinj (0%)"
			},
			{
				"CODE": 0,
				"LABEL": "Malinska-Dubašnica (0%)"
			},
			{
				"CODE": 0,
				"LABEL": "Marija Bistrica (0%)"
			},
			{
				"CODE": 0.1,
				"LABEL": "Marija Gorica (10%)"
			},
			{
				"CODE": 0.05,
				"LABEL": "Marijanci (5%)"
			},
			{
				"CODE": 0,
				"LABEL": "Marina (0%)"
			},
			{
				"CODE": 0.05,
				"LABEL": "Markušica (5%)"
			},
			{
				"CODE": 0,
				"LABEL": "Martinska Ves (0%)"
			},
			{
				"CODE": 0.05,
				"LABEL": "Maruševec (5%)"
			},
			{
				"CODE": 0.05,
				"LABEL": "Marčana (5%)"
			},
			{
				"CODE": 0.1,
				"LABEL": "Matulji (10%)"
			},
			{
				"CODE": 0,
				"LABEL": "Mače (0%)"
			},
			{
				"CODE": 0.05,
				"LABEL": "Medulin (5%)"
			},
			{
				"CODE": 0.1,
				"LABEL": "Metković (10%)"
			},
			{
				"CODE": 0,
				"LABEL": "Mihovljan (0%)"
			},
			{
				"CODE": 0,
				"LABEL": "Mikleuš (0%)"
			},
			{
				"CODE": 0.03,
				"LABEL": "Milna (3%)"
			},
			{
				"CODE": 0.1,
				"LABEL": "Mljet (10%)"
			},
			{
				"CODE": 0,
				"LABEL": "Molve (0%)"
			},
			{
				"CODE": 0.01,
				"LABEL": "Motovun (1%)"
			},
			{
				"CODE": 0,
				"LABEL": "Mošćenička Draga (0%)"
			},
			{
				"CODE": 0.07,
				"LABEL": "Mrkopalj (7%)"
			},
			{
				"CODE": 0,
				"LABEL": "Mursko Središće (0%)"
			},
			{
				"CODE": 0.08,
				"LABEL": "Murter (8%)"
			},
			{
				"CODE": 0.07,
				"LABEL": "Muć (7%)"
			},
			{
				"CODE": 0.08,
				"LABEL": "Našice (8%)"
			},
			{
				"CODE": 0,
				"LABEL": "Nedelišće (0%)"
			},
			{
				"CODE": 0.05,
				"LABEL": "Negoslavci (5%)"
			},
			{
				"CODE": 0,
				"LABEL": "Nerežišća (0%)"
			},
			{
				"CODE": 0,
				"LABEL": "Netretić (0%)"
			},
			{
				"CODE": 0,
				"LABEL": "Nijemci (0%)"
			},
			{
				"CODE": 0,
				"LABEL": "Nin (0%)"
			},
			{
				"CODE": 0,
				"LABEL": "Nova Bukovica (0%)"
			},
			{
				"CODE": 0.12,
				"LABEL": "Nova Gradiška (12%)"
			},
			{
				"CODE": 0.1,
				"LABEL": "Nova Kapela (10%)"
			},
			{
				"CODE": 0,
				"LABEL": "Nova Rača (0%)"
			},
			{
				"CODE": 0,
				"LABEL": "Novalja (0%)"
			},
			{
				"CODE": 0,
				"LABEL": "Novi Golubovec (0%)"
			},
			{
				"CODE": 0.1,
				"LABEL": "Novi Marof (10%)"
			},
			{
				"CODE": 0.07,
				"LABEL": "Novi Vinodolski (7%)"
			},
			{
				"CODE": 0,
				"LABEL": "Novigrad (0%)"
			},
			{
				"CODE": 0,
				"LABEL": "Novigrad (0%)"
			},
			{
				"CODE": 0,
				"LABEL": "Novigrad Podravski (0%)"
			},
			{
				"CODE": 0,
				"LABEL": "Novo Virje (0%)"
			},
			{
				"CODE": 0.1,
				"LABEL": "Novska (10%)"
			},
			{
				"CODE": 0.06,
				"LABEL": "Nuštar (6%)"
			},
			{
				"CODE": 0,
				"LABEL": "Obrovac (0%)"
			},
			{
				"CODE": 0.1,
				"LABEL": "Ogulin (10%)"
			},
			{
				"CODE": 0.075,
				"LABEL": "Ogulin (7.5%)"
			},
			{
				"CODE": 0,
				"LABEL": "Okrug (0%)"
			},
			{
				"CODE": 0.1,
				"LABEL": "Okučani (10%)"
			},
			{
				"CODE": 0.08,
				"LABEL": "Omiš (8%)"
			},
			{
				"CODE": 0,
				"LABEL": "Omišalj (0%)"
			},
			{
				"CODE": 0.075,
				"LABEL": "Opatija (7.5%)"
			},
			{
				"CODE": 0,
				"LABEL": "Oprisavci (0%)"
			},
			{
				"CODE": 0,
				"LABEL": "Oprtalj (0%)"
			},
			{
				"CODE": 0.1,
				"LABEL": "Opuzen (10%)"
			},
			{
				"CODE": 0,
				"LABEL": "Orahovica (0%)"
			},
			{
				"CODE": 0,
				"LABEL": "Orebić (0%)"
			},
			{
				"CODE": 0,
				"LABEL": "Orehovica (0%)"
			},
			{
				"CODE": 0,
				"LABEL": "Oriovac (0%)"
			},
			{
				"CODE": 0.05,
				"LABEL": "Orle (5%)"
			},
			{
				"CODE": 0,
				"LABEL": "Oroslavje (0%)"
			},
			{
				"CODE": 0.13,
				"LABEL": "Osijek (13%)"
			},
			{
				"CODE": 0.1,
				"LABEL": "Otok (10%)"
			},
			{
				"CODE": 0.0875,
				"LABEL": "Otok (8.75%)"
			},
			{
				"CODE": 0.1,
				"LABEL": "Otok (Vinkovci) (10%)"
			},
			{
				"CODE": 0.09,
				"LABEL": "Otočac (9%)"
			},
			{
				"CODE": 0.1,
				"LABEL": "Ozalj (10%)"
			},
			{
				"CODE": 0,
				"LABEL": "Pag (0%)"
			},
			{
				"CODE": 0,
				"LABEL": "Pakoštane (0%)"
			},
			{
				"CODE": 0.1,
				"LABEL": "Pakrac (10%)"
			},
			{
				"CODE": 0.09,
				"LABEL": "Pazin (9%)"
			},
			{
				"CODE": 0,
				"LABEL": "Pašman (0%)"
			},
			{
				"CODE": 0.08,
				"LABEL": "Perušić (8%)"
			},
			{
				"CODE": 0,
				"LABEL": "Peteranec (0%)"
			},
			{
				"CODE": 0.05,
				"LABEL": "Petlovac (5%)"
			},
			{
				"CODE": 0.05,
				"LABEL": "Petrijanec (5%)"
			},
			{
				"CODE": 0.05,
				"LABEL": "Petrijevci (5%)"
			},
			{
				"CODE": 0.1,
				"LABEL": "Petrinja (10%)"
			},
			{
				"CODE": 0,
				"LABEL": "Petrovsko (0%)"
			},
			{
				"CODE": 0.06,
				"LABEL": "Pirovac (6%)"
			},
			{
				"CODE": 0.06,
				"LABEL": "Pisarovina (6%)"
			},
			{
				"CODE": 0,
				"LABEL": "Pitomača (0%)"
			},
			{
				"CODE": 0.02,
				"LABEL": "Pićan (2%)"
			},
			{
				"CODE": 0,
				"LABEL": "Plaški (0%)"
			},
			{
				"CODE": 0.1,
				"LABEL": "Pleternica (10%)"
			},
			{
				"CODE": 0.08,
				"LABEL": "Plitvicka Jezera (8%)"
			},
			{
				"CODE": 0.1,
				"LABEL": "Ploče (10%)"
			},
			{
				"CODE": 0.06,
				"LABEL": "Podbablje (6%)"
			},
			{
				"CODE": 0.05,
				"LABEL": "Podcrkavlje (5%)"
			},
			{
				"CODE": 0.1,
				"LABEL": "Podgora (10%)"
			},
			{
				"CODE": 0.05,
				"LABEL": "Podgorač (5%)"
			},
			{
				"CODE": 0,
				"LABEL": "Podravska Moslavina (0%)"
			},
			{
				"CODE": 0,
				"LABEL": "Podravske Sesvete (0%)"
			},
			{
				"CODE": 0.1,
				"LABEL": "Podstrana (10%)"
			},
			{
				"CODE": 0,
				"LABEL": "Podturen (0%)"
			},
			{
				"CODE": 0,
				"LABEL": "Pojezerje (0%)"
			},
			{
				"CODE": 0.05,
				"LABEL": "Pokupsko (5%)"
			},
			{
				"CODE": 0.1,
				"LABEL": "Polača (10%)"
			},
			{
				"CODE": 0,
				"LABEL": "Poličnik (0%)"
			},
			{
				"CODE": 0.03,
				"LABEL": "Popovac (3%)"
			},
			{
				"CODE": 0.06,
				"LABEL": "Popovača (6%)"
			},
			{
				"CODE": 0,
				"LABEL": "Poreč (0%)"
			},
			{
				"CODE": 0,
				"LABEL": "Posedarje (0%)"
			},
			{
				"CODE": 0,
				"LABEL": "Postira (0%)"
			},
			{
				"CODE": 0,
				"LABEL": "Povljana (0%)"
			},
			{
				"CODE": 0.1,
				"LABEL": "Požega (10%)"
			},
			{
				"CODE": 0.1,
				"LABEL": "Pregrada (10%)"
			},
			{
				"CODE": 0,
				"LABEL": "Preko (0%)"
			},
			{
				"CODE": 0,
				"LABEL": "Prelog (0%)"
			},
			{
				"CODE": 0.05,
				"LABEL": "Preseka (5%)"
			},
			{
				"CODE": 0,
				"LABEL": "Prgomet (0%)"
			},
			{
				"CODE": 0,
				"LABEL": "Pribislavec (0%)"
			},
			{
				"CODE": 0,
				"LABEL": "Primorski Dolac (0%)"
			},
			{
				"CODE": 0.1,
				"LABEL": "Primošten (10%)"
			},
			{
				"CODE": 0,
				"LABEL": "Privlaka (0%)"
			},
			{
				"CODE": 0,
				"LABEL": "Privlaka (0%)"
			},
			{
				"CODE": 0.05,
				"LABEL": "Proložac (5%)"
			},
			{
				"CODE": 0.05,
				"LABEL": "Promina (5%)"
			},
			{
				"CODE": 0.12,
				"LABEL": "Pula (12%)"
			},
			{
				"CODE": 0,
				"LABEL": "Punat (0%)"
			},
			{
				"CODE": 0,
				"LABEL": "Punitovci (0%)"
			},
			{
				"CODE": 0.05,
				"LABEL": "Pučišća (5%)"
			},
			{
				"CODE": 0.1,
				"LABEL": "Pušća (10%)"
			},
			{
				"CODE": 0,
				"LABEL": "Rab (0%)"
			},
			{
				"CODE": 0.08,
				"LABEL": "Radoboj (8%)"
			},
			{
				"CODE": 0.03,
				"LABEL": "Rakovec (3%)"
			},
			{
				"CODE": 0.08,
				"LABEL": "Rakovica (8%)"
			},
			{
				"CODE": 0,
				"LABEL": "Rasinja (0%)"
			},
			{
				"CODE": 0.075,
				"LABEL": "Ravna Gora (7.5%)"
			},
			{
				"CODE": 0.06,
				"LABEL": "Raša (6%)"
			},
			{
				"CODE": 0,
				"LABEL": "Ražanac (0%)"
			},
			{
				"CODE": 0.1,
				"LABEL": "Rešetari (10%)"
			},
			{
				"CODE": 0.05,
				"LABEL": "Ribnik (5%)"
			},
			{
				"CODE": 0.15,
				"LABEL": "Rijeka (15%)"
			},
			{
				"CODE": 0,
				"LABEL": "Rogoznica (0%)"
			},
			{
				"CODE": 0.06,
				"LABEL": "Rovinj (6%)"
			},
			{
				"CODE": 0,
				"LABEL": "Rovišće (0%)"
			},
			{
				"CODE": 0.06,
				"LABEL": "Rugvica (6%)"
			},
			{
				"CODE": 0.06,
				"LABEL": "Runovići (6%)"
			},
			{
				"CODE": 0.05,
				"LABEL": "Ružić (5%)"
			},
			{
				"CODE": 0,
				"LABEL": "Saborsko (0%)"
			},
			{
				"CODE": 0,
				"LABEL": "Sali (0%)"
			},
			{
				"CODE": 0,
				"LABEL": "Samobor (0%)"
			},
			{
				"CODE": 0,
				"LABEL": "Satnica Đakovačka (0%)"
			},
			{
				"CODE": 0,
				"LABEL": "Seget (0%)"
			},
			{
				"CODE": 0,
				"LABEL": "Selca (0%)"
			},
			{
				"CODE": 0,
				"LABEL": "Selnica (0%)"
			},
			{
				"CODE": 0,
				"LABEL": "Semeljci (0%)"
			},
			{
				"CODE": 0.1,
				"LABEL": "Senj (10%)"
			},
			{
				"CODE": 0,
				"LABEL": "Severin (0%)"
			},
			{
				"CODE": 0.1,
				"LABEL": "Sibinj (10%)"
			},
			{
				"CODE": 0,
				"LABEL": "Sikirevci (0%)"
			},
			{
				"CODE": 0.08,
				"LABEL": "Sinj (8%)"
			},
			{
				"CODE": 0,
				"LABEL": "Sirač (0%)"
			},
			{
				"CODE": 0.1,
				"LABEL": "Sisak (10%)"
			},
			{
				"CODE": 0,
				"LABEL": "Skrad (0%)"
			},
			{
				"CODE": 0.05,
				"LABEL": "Skradin (5%)"
			},
			{
				"CODE": 0.06,
				"LABEL": "Slatina (6%)"
			},
			{
				"CODE": 0.12,
				"LABEL": "Slavonski Brod (12%)"
			},
			{
				"CODE": 0,
				"LABEL": "Slavonski Šamac (0%)"
			},
			{
				"CODE": 0,
				"LABEL": "Slivno (0%)"
			},
			{
				"CODE": 0.05,
				"LABEL": "Slunj (5%)"
			},
			{
				"CODE": 0,
				"LABEL": "Smokvica (0%)"
			},
			{
				"CODE": 0,
				"LABEL": "Sokolovac (0%)"
			},
			{
				"CODE": 0.1,
				"LABEL": "Solin (10%)"
			},
			{
				"CODE": 0,
				"LABEL": "Sopje (0%)"
			},
			{
				"CODE": 0.15,
				"LABEL": "Split (15%)"
			},
			{
				"CODE": 0.05,
				"LABEL": "Sračinec (5%)"
			},
			{
				"CODE": 0,
				"LABEL": "Stankovci (0%)"
			},
			{
				"CODE": 0.05,
				"LABEL": "Stara Gradiška (5%)"
			},
			{
				"CODE": 0.1,
				"LABEL": "Stari Grad (10%)"
			},
			{
				"CODE": 0,
				"LABEL": "Stari Jankovci (0%)"
			},
			{
				"CODE": 0.1,
				"LABEL": "Stari Mikanovci (10%)"
			},
			{
				"CODE": 0,
				"LABEL": "Starigrad (0%)"
			},
			{
				"CODE": 0.1,
				"LABEL": "Staro Petrovo Selo (10%)"
			},
			{
				"CODE": 0,
				"LABEL": "Ston (0%)"
			},
			{
				"CODE": 0,
				"LABEL": "Strahoninec (0%)"
			},
			{
				"CODE": 0,
				"LABEL": "Strizivojna (0%)"
			},
			{
				"CODE": 0,
				"LABEL": "Stubičke Toplice (0%)"
			},
			{
				"CODE": 0.06,
				"LABEL": "Stupnik (6%)"
			},
			{
				"CODE": 0,
				"LABEL": "Suhopolje (0%)"
			},
			{
				"CODE": 0,
				"LABEL": "Sukošan (0%)"
			},
			{
				"CODE": 0,
				"LABEL": "Sunja (0%)"
			},
			{
				"CODE": 0.1,
				"LABEL": "Supetar (10%)"
			},
			{
				"CODE": 0.1,
				"LABEL": "Sutivan (10%)"
			},
			{
				"CODE": 0,
				"LABEL": "Sućuraj (0%)"
			},
			{
				"CODE": 0,
				"LABEL": "Sveta Marija (0%)"
			},
			{
				"CODE": 0.06,
				"LABEL": "Sveta Nedelja (6%)"
			},
			{
				"CODE": 0,
				"LABEL": "Sveta Nedelja (0%)"
			},
			{
				"CODE": 0.1,
				"LABEL": "Sveti Filip I Jakov (10%)"
			},
			{
				"CODE": 0.1,
				"LABEL": "Sveti Ilija (10%)"
			},
			{
				"CODE": 0.12,
				"LABEL": "Sveti Ivan Zelina (12%)"
			},
			{
				"CODE": 0,
				"LABEL": "Sveti Ivan Žabno (0%)"
			},
			{
				"CODE": 0,
				"LABEL": "Sveti Juraj Na Bregu (0%)"
			},
			{
				"CODE": 0,
				"LABEL": "Sveti Križ Začretje (0%)"
			},
			{
				"CODE": 0.05,
				"LABEL": "Sveti Lovreč (5%)"
			},
			{
				"CODE": 0,
				"LABEL": "Sveti Martin Na Muri (0%)"
			},
			{
				"CODE": 0,
				"LABEL": "Sveti Petar Orehovec (0%)"
			},
			{
				"CODE": 0.07,
				"LABEL": "Sveti Petar U Šumi (7%)"
			},
			{
				"CODE": 0.05,
				"LABEL": "Sveti Đurđ (5%)"
			},
			{
				"CODE": 0.05,
				"LABEL": "Svetvincenat (5%)"
			},
			{
				"CODE": 0,
				"LABEL": "Tar Vabriga (0%)"
			},
			{
				"CODE": 0.05,
				"LABEL": "Tinjan (5%)"
			},
			{
				"CODE": 0.09,
				"LABEL": "Tisno (9%)"
			},
			{
				"CODE": 0,
				"LABEL": "Tkon (0%)"
			},
			{
				"CODE": 0,
				"LABEL": "Tompojevci (0%)"
			},
			{
				"CODE": 0,
				"LABEL": "Topusko (0%)"
			},
			{
				"CODE": 0.05,
				"LABEL": "Tordinci (5%)"
			},
			{
				"CODE": 0,
				"LABEL": "Tounj (0%)"
			},
			{
				"CODE": 0,
				"LABEL": "Tovarnik (0%)"
			},
			{
				"CODE": 0.06,
				"LABEL": "Tribunj (6%)"
			},
			{
				"CODE": 0,
				"LABEL": "Trilj (0%)"
			},
			{
				"CODE": 0,
				"LABEL": "Trnava (0%)"
			},
			{
				"CODE": 0.03,
				"LABEL": "Trnovec Bartolovečki (3%)"
			},
			{
				"CODE": 0.0667,
				"LABEL": "Trnovec Bartolovečki (6.67%)"
			},
			{
				"CODE": 0.08,
				"LABEL": "Trogir (8%)"
			},
			{
				"CODE": 0.1,
				"LABEL": "Trpanj (10%)"
			},
			{
				"CODE": 0,
				"LABEL": "Trpinja (0%)"
			},
			{
				"CODE": 0,
				"LABEL": "Tuhelj (0%)"
			},
			{
				"CODE": 0.1,
				"LABEL": "Tučepi (10%)"
			},
			{
				"CODE": 0.05,
				"LABEL": "Udbina (5%)"
			},
			{
				"CODE": 0.06,
				"LABEL": "Umag (6%)"
			},
			{
				"CODE": 0.05,
				"LABEL": "Unešić (5%)"
			},
			{
				"CODE": 0.08,
				"LABEL": "Valpovo (8%)"
			},
			{
				"CODE": 0.1,
				"LABEL": "Varaždin (10%)"
			},
			{
				"CODE": 0.1,
				"LABEL": "Varaždinske Toplice (10%)"
			},
			{
				"CODE": 0.09,
				"LABEL": "Vela Luka (9%)"
			},
			{
				"CODE": 0,
				"LABEL": "Velika (0%)"
			},
			{
				"CODE": 0.12,
				"LABEL": "Velika Gorica (12%)"
			},
			{
				"CODE": 0.07,
				"LABEL": "Velika Kopanica (7%)"
			},
			{
				"CODE": 0,
				"LABEL": "Velika Ludina (0%)"
			},
			{
				"CODE": 0,
				"LABEL": "Velika Pisanica (0%)"
			},
			{
				"CODE": 0,
				"LABEL": "Velika Trnovitica (0%)"
			},
			{
				"CODE": 0.1,
				"LABEL": "Veliki Bukovec (10%)"
			},
			{
				"CODE": 0.0625,
				"LABEL": "Veliki Bukovec (6.25%)"
			},
			{
				"CODE": 0,
				"LABEL": "Veliki Grđevac (0%)"
			},
			{
				"CODE": 0.075,
				"LABEL": "Veliko Trgovišće (7.5%)"
			},
			{
				"CODE": 0,
				"LABEL": "Veliko Trojstvo (0%)"
			},
			{
				"CODE": 0.1,
				"LABEL": "Vidovec (10%)"
			},
			{
				"CODE": 0,
				"LABEL": "Viljevo (0%)"
			},
			{
				"CODE": 0.05,
				"LABEL": "Vinica (5%)"
			},
			{
				"CODE": 0.13,
				"LABEL": "Vinkovci (13%)"
			},
			{
				"CODE": 0,
				"LABEL": "Vinodolska Opcina (0%)"
			},
			{
				"CODE": 0,
				"LABEL": "Vir (0%)"
			},
			{
				"CODE": 0,
				"LABEL": "Virje (0%)"
			},
			{
				"CODE": 0.1,
				"LABEL": "Virovitica (10%)"
			},
			{
				"CODE": 0.03,
				"LABEL": "Vis (3%)"
			},
			{
				"CODE": 0.1,
				"LABEL": "Visoko (10%)"
			},
			{
				"CODE": 0,
				"LABEL": "Viškovci (0%)"
			},
			{
				"CODE": 0,
				"LABEL": "Viškovo (0%)"
			},
			{
				"CODE": 0.05,
				"LABEL": "Višnjan (5%)"
			},
			{
				"CODE": 0.03,
				"LABEL": "Vižinada (3%)"
			},
			{
				"CODE": 0.1,
				"LABEL": "Vladislavci (10%)"
			},
			{
				"CODE": 0.06,
				"LABEL": "Vodice (6%)"
			},
			{
				"CODE": 0.075,
				"LABEL": "Vodnjan (7.5%)"
			},
			{
				"CODE": 0.075,
				"LABEL": "Vojnić (7.5%)"
			},
			{
				"CODE": 0,
				"LABEL": "Voćin (0%)"
			},
			{
				"CODE": 0.1,
				"LABEL": "Vođinci (10%)"
			},
			{
				"CODE": 0,
				"LABEL": "Vratišinec (0%)"
			},
			{
				"CODE": 0.05,
				"LABEL": "Vrbanja (5%)"
			},
			{
				"CODE": 0.03,
				"LABEL": "Vrbje (3%)"
			},
			{
				"CODE": 0,
				"LABEL": "Vrbnik (0%)"
			},
			{
				"CODE": 0.12,
				"LABEL": "Vrbovec (12%)"
			},
			{
				"CODE": 0.1,
				"LABEL": "Vrbovsko (10%)"
			},
			{
				"CODE": 0.1,
				"LABEL": "Vrgorac (10%)"
			},
			{
				"CODE": 0.05,
				"LABEL": "Vrhovine (5%)"
			},
			{
				"CODE": 0.07,
				"LABEL": "Vrlika (7%)"
			},
			{
				"CODE": 0,
				"LABEL": "Vrpolje (0%)"
			},
			{
				"CODE": 0,
				"LABEL": "Vrsar (0%)"
			},
			{
				"CODE": 0,
				"LABEL": "Vrsi (0%)"
			},
			{
				"CODE": 0,
				"LABEL": "Vuka (0%)"
			},
			{
				"CODE": 0,
				"LABEL": "Vukovar (0%)"
			},
			{
				"CODE": 0,
				"LABEL": "Zabok (0%)"
			},
			{
				"CODE": 0.12,
				"LABEL": "Zadar (12%)"
			},
			{
				"CODE": 0.01,
				"LABEL": "Zadvarje (1%)"
			},
			{
				"CODE": 0,
				"LABEL": "Zagorska Sela (0%)"
			},
			{
				"CODE": 0.06,
				"LABEL": "Zagvozd (6%)"
			},
			{
				"CODE": 0.12,
				"LABEL": "Zaprešić (12%)"
			},
			{
				"CODE": 0,
				"LABEL": "Zažablje (0%)"
			},
			{
				"CODE": 0,
				"LABEL": "Zdenci (0%)"
			},
			{
				"CODE": 0,
				"LABEL": "Zemunik Donji (0%)"
			},
			{
				"CODE": 0.1,
				"LABEL": "Zlatar (10%)"
			},
			{
				"CODE": 0.05,
				"LABEL": "Zlatar Bistrica (5%)"
			},
			{
				"CODE": 0.08,
				"LABEL": "Zmijavci (8%)"
			},
			{
				"CODE": 0,
				"LABEL": "Zrinski Topolovac (0%)"
			},
			{
				"CODE": 0.05,
				"LABEL": "Čabar (5%)"
			},
			{
				"CODE": 0.05,
				"LABEL": "Čaglin (5%)"
			},
			{
				"CODE": 0.1,
				"LABEL": "Čakovec (10%)"
			},
			{
				"CODE": 0,
				"LABEL": "Čavle (0%)"
			},
			{
				"CODE": 0.1,
				"LABEL": "Čazma (10%)"
			},
			{
				"CODE": 0,
				"LABEL": "Čačinci (0%)"
			},
			{
				"CODE": 0,
				"LABEL": "Čađavica (0%)"
			},
			{
				"CODE": 0.1,
				"LABEL": "Čeminac (10%)"
			},
			{
				"CODE": 0.1,
				"LABEL": "Čepin (10%)"
			},
			{
				"CODE": 0.1,
				"LABEL": "Đakovo (10%)"
			},
			{
				"CODE": 0,
				"LABEL": "Đelekovec (0%)"
			},
			{
				"CODE": 0,
				"LABEL": "Đulovac (0%)"
			},
			{
				"CODE": 0,
				"LABEL": "Đurmanec (0%)"
			},
			{
				"CODE": 0.1,
				"LABEL": "Đurđenovac (10%)"
			},
			{
				"CODE": 0,
				"LABEL": "Đurđevac (0%)"
			},
			{
				"CODE": 0,
				"LABEL": "Šandrovac (0%)"
			},
			{
				"CODE": 0,
				"LABEL": "Šenkovec (0%)"
			},
			{
				"CODE": 0,
				"LABEL": "Šestanovac (0%)"
			},
			{
				"CODE": 0.1,
				"LABEL": "Šibenik (10%)"
			},
			{
				"CODE": 0.1,
				"LABEL": "Škabrnja (10%)"
			},
			{
				"CODE": 0,
				"LABEL": "Šodolovci (0%)"
			},
			{
				"CODE": 0,
				"LABEL": "Šolta (0%)"
			},
			{
				"CODE": 0.09,
				"LABEL": "Špišic Bukovica (9%)"
			},
			{
				"CODE": 0.08,
				"LABEL": "Štefanje (8%)"
			},
			{
				"CODE": 0.0333,
				"LABEL": "Štefanje (3.33%)"
			},
			{
				"CODE": 0.05,
				"LABEL": "Štitar (5%)"
			},
			{
				"CODE": 0,
				"LABEL": "Štrigova (0%)"
			},
			{
				"CODE": 0,
				"LABEL": "Žakanje (0%)"
			},
			{
				"CODE": 0.05,
				"LABEL": "Žminj (5%)"
			},
			{
				"CODE": 0.03,
				"LABEL": "Žumberak (3%)"
			},
			{
				"CODE": 0.1,
				"LABEL": "Župa Dubrovačka (10%)"
			},
			{
				"CODE": 0.12,
				"LABEL": "Županja (12%)"
			}
		]
	}
]

}
		

