{
	"version": "0.1.0",
	"env": {
		"LOCAL": {
			"CONFIG_CONSTANTS": {
				"TOKEN_NAME": "app-token",
				"GATEWAY_CONTEXT_ROOT": "http://localhost:3110/gpgateway",
				"JWT_URL": "",
				"LOGOUT_URL": ""
			}
		},
		"RAZVOJ": {
			"CONFIG_CONSTANTS": {
				"TOKEN_NAME": "app-token",
				"GATEWAY_CONTEXT_ROOT": "/gpgateway",
				"JWT_URL": "/q88authSrv/getJWT?nonce=1234435543",
				"LOGOUT_URL": ""
			}
		},
		"TEST": {
			"CONFIG_CONSTANTS": {
				"TOKEN_NAME": "app-token",
				"GATEWAY_CONTEXT_ROOT": "/gpgateway",
				"JWT_URL": "/q88authSrv/getJWT?nonce=122323",
				"LOGOUT_URL": "/pkmslogout"
			}
		},
		"EDUC": {
			"CONFIG_CONSTANTS": {
				"TOKEN_NAME": "app-token",
				"GATEWAY_CONTEXT_ROOT": "/gpgateway",
				"JWT_URL": "/q88authSrv/getJWT?nonce=122323",
				"LOGOUT_URL": "/pkmslogout"
			}
		},
		"PROD": {
			"CONFIG_CONSTANTS": {
				"TOKEN_NAME": "app-token",
				"GATEWAY_CONTEXT_ROOT": "/gpgateway",
				"JWT_URL": "/q88authSrv/getJWT?nonce=122323",
				"LOGOUT_URL": "/pkmslogout"
			}
		}
	}
}