{
  "name": "angular-ui-router",
  "version": "0.2.18",
  "license": "MIT",
  "main": "./release/angular-ui-router.js",
  "dependencies": {
    "angular": "^1.0.8"
  },
  "ignore": [
    "**/.*",
    "node_modules",
    "bower_components",
    "component.json",
    "package.json",
    "lib",
    "config",
    "sample",
    "test",
    "tests",
    "ngdoc_assets",
    "Gruntfile.js",
    "files.js"
  ],
  "_source": "nexus+http://nexus01dw.razvoj.gzaop.local:8091/repository/bower-all/angular-ui-router",
  "_target": "~0.2.18",
  "_release": "0.2.18",
  "_originalSource": "angular-ui-router"
}