{
  "name": "underscore",
  "version": "1.8.3",
  "main": "underscore.js",
  "keywords": [
    "util",
    "functional",
    "server",
    "client",
    "browser"
  ],
  "ignore": [
    "docs",
    "test",
    "*.yml",
    "CNAME",
    "index.html",
    "favicon.ico",
    "CONTRIBUTING.md",
    ".*",
    "component.json",
    "package.json",
    "karma.*"
  ],
  "_source": "nexus+http://nexus01dw.razvoj.gzaop.local:8091/repository/bower-all/underscore",
  "_target": "~1.8.3",
  "_release": "1.8.3",
  "_originalSource": "underscore"
}