{
  "author": {
    "name": "https://github.com/angular-ui/bootstrap/graphs/contributors"
  },
  "name": "angular-bootstrap",
  "keywords": [
    "angular",
    "angular-ui",
    "bootstrap"
  ],
  "license": "MIT",
  "ignore": [],
  "description": "Native AngularJS (Angular) directives for Bootstrap.",
  "version": "0.14.3",
  "main": [
    "./ui-bootstrap-tpls.js"
  ],
  "dependencies": {
    "angular": ">=1.3.0"
  },
  "_source": "nexus+http://nexus01dw.razvoj.gzaop.local:8091/repository/bower-all/angular-bootstrap",
  "_target": "^0.14.3",
  "_release": "0.14.3",
  "_originalSource": "angular-bootstrap"
}