{
  "name": "nouislider-angular",
  "main": "nouislider.js",
  "homepage": "https://github.com/Yankovsky/nouislider-angular#readme",
  "authors": [
    "Yankovsky <YankovskyAndrey@gmail.com>"
  ],
  "description": "Angular wrapper for nouislider",
  "keywords": [
    "nouislider",
    "slider",
    "angular",
    "angularjs"
  ],
  "license": "ISC",
  "ignore": [
    "**/*",
    "!nouislider.js",
    "!nouislider.min.js"
  ],
  "dependencies": {
    "nouislider": "~8.5.1",
    "angular": "~1.4.11"
  },
  "devDependencies": {
    "angular-route": "~1.4.11"
  },
  "_source": "nexus+http://nexus01dw.razvoj.gzaop.local:8091/repository/bower-all/nouislider-angular",
  "_target": "^2.6.2",
  "_release": "v2.6.2",
  "version": "v2.6.2",
  "_originalSource": "nouislider-angular"
}