{
  "name": "material-design-iconic-font",
  "description": "Material Design Iconic Font",
  "keywords": [
    "material",
    "design",
    "icons",
    "font"
  ],
  "authors": [
    "Sergey Kupletsky <s.kupletsky@gmail.com> (http://github.com/zavoloklom)"
  ],
  "license": [
    "OFL-1.1",
    "MIT"
  ],
  "main": [
    "./dist/css/material-design-iconic-font.min.css",
    "./dist/fonts/*"
  ],
  "ignore": [
    "*/.*",
    "node_modules/*",
    "*.json",
    "*.md"
  ],
  "homepage": "http://zavoloklom.github.io/material-design-iconic-font/",
  "repository": {
    "type": "git",
    "url": "git://github.com/zavoloklom/material-design-iconic-font.git"
  },
  "dependencies": {},
  "devDependencies": {},
  "_source": "nexus+http://nexus01dw.razvoj.gzaop.local:8091/repository/bower-all/material-design-iconic-font",
  "_target": "^2.2.0",
  "_release": "2.2.0",
  "version": "2.2.0",
  "_originalSource": "material-design-iconic-font"
}